TransactionID,CustomerID,ProductID,SaleDate,SaleAmount,Expenses,Coast,StoreID,CampaignID,
000001,001034,2059,2025-05-04,2048.20,70.00,East,402,0,
000002,001066,2048,2025-05-04,321.87,3839.00,West,403,1,East
000003,001116,2041,2025-05-04,3216.84,501.00,East,403,3,West
000004,001071,2096,2025-05-04,1613.23,4959.00,West,404,2,
000005,001020,2060,2025-05-04,408.38,1060.00,West,401,0,
000006,001089,2028,2025-05-04,1275.88,1552.00,West,401,0,
000008,001005,2079,2025-05-04,855.49,1329.00,East,402,1,
000009,001032,2060,2025-05-04,735.08,506.00,East,401,1,
000010,001119,2089,2025-05-04,661.63,4596.00,West,403,2,
000011,001042,2077,2025-05-04,505.65,4165.00,West,401,0,
000012,001079,2013,2025-05-04,0.00,3578.00,West,401,2,
000014,001183,2025,2025-05-04,503.32,443.00,West,401,1,
000015,001026,2089,2025-05-04,413.52,4419.00,West,403,0,
000016,001144,2005,2025-05-04,1715.12,410.00,East,403,3,
000017,001169,2047,2025-05-04,535.97,1446.00,East,401,2,
000019,001110,2046,2025-05-04,30.09,4377.00,East,404,1,
000020,001111,2022,2025-05-04,671.18,2371.00,East,403,3,
000021,001119,2055,2025-05-04,0.00,2897.00,East,403,2,
000022,001062,2011,2025-05-04,1229.22,4659.00,East,403,3,
000023,001062,2096,2025-05-04,672.18,4813.00,East,404,3,
000024,001086,2003,2025-05-04,924.43,3038.00,East,404,2,
000025,001046,2062,2025-05-04,1981.95,5767.00,East,402,2,
000026,001066,2043,2025-05-04,698.76,1538.00,West,403,2,
000027,001142,2001,2025-05-04,1237.05,4850.00,West,402,0,
000028,001061,2092,2025-05-04,482.21,2169.00,East,404,3,
000031,001004,2011,2025-11-15,737.53,3870.00,West,403,1,
000032,001103,2088,2025-05-04,0.00,1266.00,East,402,2,
000033,001169,2074,2025-05-04,0.00,3834.00,West,403,3,
000034,001141,2067,2025-05-04,872.85,5776.00,West,403,3,
000035,001190,2070,2025-05-04,54.69,3653.00,West,403,2,
000036,001179,2058,2025-05-04,1066.80,5062.00,West,403,2,
000037,001064,2029,2025-05-04,12.16,1199.00,West,401,1,
000038,001080,2015,2025-05-04,3037.36,4625.00,West,402,1,
000039,001055,2094,2025-05-04,1578.72,3365.00,West,404,2,
000040,001185,2075,2025-05-04,0.00,4176.00,East,403,0,
000042,001045,2038,2025-05-04,1667.72,2392.00,East,401,1,
000043,001070,2005,2025-05-04,686.05,3691.00,East,401,2,
000044,001178,2016,2025-05-04,0.00,3860.00,East,404,0,
000045,001003,2073,2025-05-04,1498.29,1268.00,East,403,3,
000046,001122,2056,2025-05-04,944.50,114.00,East,403,1,
000047,001013,2032,2025-05-04,2836.80,3983.00,West,404,0,
000048,001016,2051,2025-05-04,117.32,2533.00,West,404,0,
000049,001147,2080,2025-05-04,0.00,650.00,West,401,1,
000050,001038,2072,2025-05-04,840.60,782.00,East,403,0,
000051,001063,2015,2025-05-04,1214.95,3493.00,East,404,1,
000052,001198,2066,2025-05-04,516.06,4352.00,West,404,3,
000053,001113,2038,2025-05-04,2223.62,692.00,West,404,2,
000054,001145,2079,2025-05-04,1901.08,3840.00,East,401,0,
000055,001195,2026,2025-05-04,507.74,44.00,East,402,2,
000056,001169,2010,2025-05-04,140.11,2827.00,East,402,1,
000057,001044,2070,2025-05-04,0.00,4746.00,East,401,1,
000058,001000,2052,2025-05-04,2193.78,4908.00,West,404,3,
000059,001074,2004,2025-05-04,741.80,3719.00,East,402,2,
000060,001180,2036,2025-05-04,217.98,4449.00,East,404,0,
000061,001175,2029,2025-05-04,36.48,3589.00,West,403,1,
000062,001108,2014,2025-05-04,221.67,254.00,East,402,1,
000063,001068,2018,2025-05-04,2169.04,2199.00,East,401,0,
000064,001042,2039,2025-05-04,2929.32,2425.00,West,403,3,
000065,001031,2059,2025-05-04,0.00,4685.00,West,403,3,
000066,001069,2064,2025-05-04,1470.20,5001.00,East,404,3,
000068,001188,2041,2025-05-04,1608.42,2585.00,West,403,0,
000069,001023,2029,2025-05-04,0.00,3746.00,West,401,2,
000070,001147,2005,2025-05-04,0.00,4641.00,East,402,3,
000071,001132,2083,2025-05-04,614.53,2240.00,East,404,2,
000072,001046,2074,2025-05-04,659.50,5109.00,East,404,3,
000073,001023,2060,2025-05-04,1225.14,2221.00,West,403,3,
000074,001085,2041,2025-05-04,1447.58,3881.00,West,401,1,
000075,001084,2052,2025-05-04,2925.04,300.00,West,404,2,
000076,001169,2051,2025-05-04,117.32,2741.00,East,401,3,
000077,001022,2040,2025-05-04,55.26,794.00,West,403,2,
000079,001168,2069,2025-05-04,232.39,1414.00,West,404,3,
000080,001013,2024,2025-05-04,372.81,3150.00,West,403,3,
000081,001160,2056,2025-05-04,472.25,680.00,West,401,1,
000082,001068,2070,2025-05-04,109.38,2536.00,West,402,2,
000083,001112,2089,2025-05-04,2067.60,5040.00,East,404,0,
000084,001007,2080,2025-05-04,1498.07,4675.00,West,402,1,
000085,001079,2070,2025-05-04,34.18,154.00,East,401,3,
000086,001023,2028,2025-05-04,2551.76,1428.00,West,401,3,
000087,001030,2082,2025-05-04,799.80,4288.00,West,402,3,
000088,001183,2037,2025-05-04,2160.84,2511.00,West,403,3,
000089,001123,2060,2025-05-04,2450.28,5543.00,West,402,3,
000090,001141,2018,2025-05-04,2440.17,396.00,East,404,1,
000091,001153,2065,2025-05-04,470.34,4938.00,West,402,0,
000092,001070,2098,2025-05-04,0.00,849.00,East,404,2,
000093,001129,2034,2025-05-04,108.94,5380.00,East,401,2,
000094,001185,2038,2025-05-04,1667.72,4402.00,East,404,1,
000095,001114,2068,2025-05-04,656.19,2217.00,East,404,2,
000096,001085,2070,2025-05-04,0.00,5228.00,West,404,3,
000097,001082,2024,2025-05-04,372.81,1713.00,East,402,3,
000098,001059,2099,2025-05-04,1292.64,3672.00,West,404,0,
000099,001081,2095,2025-05-04,490.79,2701.00,East,404,3,
000100,001098,2084,2025-05-04,0.00,5583.00,East,402,3,
000101,001009,2016,2025-05-04,969.06,4610.00,West,403,0,
000102,001112,2012,2025-05-04,1869.57,1202.00,East,404,0,
000103,001184,2018,2025-05-04,488.03,2302.00,West,404,1,
000104,001019,2060,2025-05-04,0.00,2816.00,West,403,2,
000105,001159,2088,2025-05-04,0.00,1257.00,West,404,0,
000106,001084,2086,2025-05-04,2861.12,1194.00,East,404,2,
000107,001160,2091,2025-05-04,905.79,245.00,West,404,0,
000108,001158,2008,2025-05-04,159.82,4505.00,West,402,2,
000109,001058,2095,2025-05-04,2453.95,3936.00,West,401,3,
000110,001025,2097,2025-05-04,842.10,5829.00,West,401,3,
000111,001042,2088,2025-05-04,709.35,2280.00,West,403,0,
000112,001011,2041,2025-05-04,0.00,5423.00,West,401,2,
000113,001091,2047,2025-05-04,0.00,3572.00,West,404,1,
000114,001062,2067,2025-05-04,0.00,5014.00,West,404,1,
000115,001043,2022,2025-05-04,2684.72,2535.00,East,401,3,
000116,001158,2087,2025-05-04,477.96,3304.00,East,402,3,
000117,001149,2018,2025-05-04,1626.78,926.00,East,402,3,
000118,001163,2032,2025-05-04,756.48,31.00,East,404,2,
000119,001170,2001,2025-05-04,659.76,5058.00,East,404,2,
000120,001173,2069,2025-05-04,464.78,4713.00,West,402,0,
000121,001113,2044,2025-05-04,0.00,4915.00,East,403,3,
000122,001176,2032,2025-05-04,756.48,3480.00,West,404,2,
000123,001050,2049,2025-05-04,2819.52,4571.00,East,404,0,
000124,001060,2048,2025-05-04,1144.42,1603.00,West,403,2,
000125,001179,2037,2025-05-04,1440.56,2539.00,East,401,3,
000126,001070,2001,2025-05-04,0.00,3613.00,West,401,3,
000127,001073,2099,2025-05-04,0.00,3574.00,East,402,2,
000128,001056,2081,2025-05-04,0.00,4685.00,West,402,2,
000129,001173,2096,2025-05-04,672.18,1039.00,East,402,0,
000130,001160,2082,2025-05-04,426.56,2793.00,East,401,2,
000131,001112,2004,2025-05-04,1669.05,4480.00,West,403,1,
000132,001023,2037,2025-05-04,2160.84,5220.00,West,403,3,
000133,001044,2025,2025-05-04,223.70,2402.00,West,402,2,
000134,001135,2064,2025-05-04,793.91,3194.00,East,403,1,
000135,001065,2061,2025-05-04,639.74,1000.00,East,403,2,
000136,001029,2059,2025-05-04,921.69,2541.00,East,401,1,
000138,001023,2050,2025-05-04,298.85,3648.00,West,401,2,
000139,001137,2015,2025-05-04,539.98,1924.00,East,404,2,
000140,001172,2095,2025-05-04,2453.95,3381.00,East,403,3,
000141,001163,2047,2025-05-04,301.48,475.00,East,401,1,
000142,001120,2003,2025-05-04,1039.99,2484.00,East,403,1,
000143,001165,2008,2025-05-04,53.27,3695.00,West,404,2,
000144,001166,2052,2025-05-04,658.13,949.00,East,401,1,
000146,001029,2012,2025-05-04,0.00,2659.00,West,402,1,
000147,001099,2058,2025-05-04,666.75,5905.00,West,403,3,
000148,001150,2095,2025-05-04,490.79,1867.00,East,402,3,
000149,001167,2012,2025-05-04,0.00,1812.00,East,404,3,
000150,001071,2004,2025-05-04,834.52,3140.00,West,403,1,
000151,001113,2056,2025-05-04,839.55,5290.00,West,402,2,
000152,001025,2087,2025-05-04,0.00,47.00,West,403,2,
000153,001015,2050,2025-05-04,504.31,3244.00,East,403,1,
000154,001031,2058,2025-05-04,2400.30,1746.00,West,401,1,
000156,001085,2031,2025-05-04,508.77,1172.00,East,402,1,
000157,001017,2097,2025-05-04,757.89,4249.00,West,402,1,
000158,001059,2042,2025-05-04,0.00,2069.00,West,402,0,
000159,001070,2018,2025-05-04,0.00,5171.00,West,402,2,
000160,001044,2014,2025-05-04,886.68,2257.00,East,401,1,
000161,001003,2045,2025-05-04,499.42,5286.00,East,402,2,
000162,001004,2022,2025-05-04,671.18,4408.00,East,403,0,
000163,001032,2094,2025-05-04,493.35,2300.00,East,404,0,
000164,001190,2008,2025-05-04,266.36,814.00,East,404,3,
000165,001199,2046,2025-05-04,167.15,26.00,East,401,3,
000166,001128,2028,2025-05-04,2041.41,2015.00,West,401,2,
000167,001117,2082,2025-05-04,799.80,5792.00,East,401,0,
000168,001122,2051,2025-05-04,234.64,4942.00,West,404,0,
000169,001125,2091,2025-05-04,1811.58,511.00,West,404,0,
000170,001020,2041,2025-05-04,0.00,3419.00,West,402,0,
000172,001152,2067,2025-05-04,872.85,236.00,West,403,3,
000173,001129,2077,2025-05-04,2809.15,5227.00,West,404,0,
000174,001179,2014,2025-05-04,738.90,3508.00,West,402,3,
000175,001115,2029,2025-05-04,0.00,5445.00,West,404,2,
000176,001116,2051,2025-05-04,351.96,4041.00,West,404,0,
000178,001095,2019,2025-05-04,933.93,3140.00,West,404,0,
000179,001023,2010,2025-05-04,0.00,2292.00,East,401,3,
000181,001142,2007,2025-05-04,583.39,5920.00,West,403,0,
000182,001105,2045,2025-05-04,624.28,301.00,East,404,0,
000183,001073,2076,2025-05-04,1934.57,2525.00,West,403,2,
000184,001026,2073,2025-05-04,1797.95,5811.00,East,402,1,
000185,001168,2061,2025-05-04,599.76,399.00,East,402,0,
000186,001089,2071,2025-05-04,0.00,1847.00,West,403,0,
000187,001195,2035,2025-05-04,0.00,80.00,West,402,3,
000188,001143,2098,2025-05-04,2178.86,3829.00,East,401,2,
000189,001007,2023,2025-05-04,751.63,4376.00,West,403,2,
000190,001086,2044,2025-05-04,373.64,2563.00,East,401,1,
000191,001036,2072,2025-05-04,1260.90,3647.00,West,404,0,
000192,001036,2094,2025-05-04,2466.75,4995.00,West,401,0,
000193,001191,2067,2025-05-04,872.85,352.00,East,402,3,
000194,001107,2058,2025-05-04,1800.22,5948.00,West,403,1,
000195,001094,2039,2025-05-04,1952.88,3123.00,East,403,0,
000196,001013,2019,2025-05-04,0.00,5569.00,West,402,0,
000197,001172,2010,2025-05-04,0.00,3417.00,East,403,3,
000198,001169,2054,2025-05-04,900.51,5935.00,West,404,3,
000199,001106,2034,2025-05-04,136.17,2693.00,West,402,0,
000200,001088,2055,2025-05-04,129.46,3241.00,West,401,2,
000201,001173,2086,2025-05-04,715.28,285.00,West,404,2,
000202,001011,2028,2025-05-04,0.00,2783.00,East,404,0,
000203,001001,2026,2025-05-04,190.40,5226.00,West,403,1,
000204,001196,2017,2025-05-04,370.96,1107.00,East,403,2,
000205,001083,2015,2025-05-04,0.00,4135.00,East,401,3,
000206,001191,2055,2025-05-04,48.55,788.00,West,402,1,
000207,001097,2068,2025-05-04,1312.38,4235.00,East,402,2,
000208,001018,2050,2025-05-04,0.00,1911.00,West,401,3,
000209,001004,2058,2025-05-04,1066.80,1970.00,West,401,2,
000210,001147,2054,2025-05-04,2701.53,5583.00,West,404,3,
000211,001074,2014,2025-05-04,738.90,10.00,East,404,0,
000212,001083,2021,2025-05-04,668.33,1501.00,East,404,2,
000213,001022,2055,2025-05-04,97.09,2363.00,West,401,1,
000214,001111,2075,2025-05-04,1561.28,5683.00,East,404,0,
000215,001101,2039,2025-05-04,2636.39,5795.00,East,403,1,
000216,001085,2099,2025-05-04,646.32,1604.00,East,402,0,
000217,001130,2081,2025-05-04,1343.20,1718.00,East,401,1,
000218,001198,2044,2025-05-04,186.82,2849.00,East,403,1,
000219,001060,2013,2025-05-04,0.00,4399.00,West,402,2,
000220,001050,2022,2025-05-04,671.18,2844.00,West,402,0,
000221,001045,2098,2025-05-04,907.86,1453.00,East,404,3,
000223,001160,2040,2025-05-04,138.16,5307.00,East,402,3,
000224,001017,2060,2025-05-04,0.00,3716.00,West,404,2,
000225,001070,2075,2025-05-04,624.51,5855.00,West,401,2,
000226,001129,2009,2025-05-04,198.93,394.00,East,403,3,
000227,001115,2004,2025-05-04,2225.40,1386.00,East,401,2,
000228,001073,2009,2025-05-04,66.31,3545.00,East,401,3,
000229,001118,2074,2025-05-04,659.50,3281.00,West,401,3,
000230,001146,2083,2025-05-04,614.53,3758.00,East,402,2,
000231,001154,2060,2025-05-04,408.38,1074.00,West,402,0,
000232,001115,2013,2025-05-04,2806.08,2216.00,East,403,0,
000233,001129,2082,2025-05-04,1066.40,3259.00,West,402,0,
000234,001063,2090,2025-05-04,71.64,595.00,West,404,3,
000235,001134,2066,2025-05-04,1238.54,3880.00,East,402,2,
000236,001095,2036,2025-05-04,653.94,4360.00,West,404,3,
000237,001198,2043,2025-05-04,1397.52,4395.00,East,401,2,
000238,001016,2042,2025-05-04,0.00,4159.00,West,401,3,
000239,001072,2032,2025-05-04,1512.96,2997.00,East,402,2,
000240,001020,2074,2025-05-04,527.60,3469.00,East,402,2,
000241,001079,2083,2025-05-04,691.34,5556.00,East,404,1,
000242,001152,2090,2025-05-04,57.31,3076.00,West,401,2,
000243,001143,2048,2025-05-04,0.00,2499.00,West,403,1,
000244,001171,2089,2025-05-04,1654.08,4276.00,West,401,3,
000245,001130,2046,2025-05-04,106.98,5207.00,West,401,2,
000246,001079,2023,2025-05-04,3006.53,5359.00,East,402,2,
000247,001196,2062,2025-05-04,1114.85,560.00,West,402,1,
000248,001035,2019,2025-05-04,0.00,3053.00,East,401,2,
000249,001025,2064,2025-05-04,705.70,712.00,West,401,2,
000250,001196,2079,2025-05-04,2851.62,2937.00,East,402,3,
000251,001039,2020,2025-05-04,338.25,3693.00,West,402,1,
000252,001184,2056,2025-05-04,1574.16,4075.00,West,401,3,
000254,001156,2036,2025-05-04,392.36,3921.00,East,404,1,
000255,001136,2030,2025-05-04,509.91,5845.00,East,403,3,
000256,001049,2047,2025-05-04,1674.90,4191.00,East,404,3,
000257,001196,2036,2025-05-04,0.00,451.00,West,404,3,
000258,001041,2025,2025-05-04,671.09,949.00,East,402,2,
000259,001013,2082,2025-05-04,1066.40,828.00,East,404,2,
000260,001141,2013,2025-05-04,748.29,2754.00,West,401,2,
000261,001021,2097,2025-05-04,673.68,3508.00,West,402,2,
000262,001115,2065,2025-05-04,1881.36,4027.00,West,402,3,
000263,001023,2028,2025-05-04,510.35,4772.00,East,404,2,
000264,001006,2053,2025-05-04,610.15,3795.00,East,401,3,
000265,001128,2047,2025-05-04,1004.94,676.00,East,402,3,
000266,001020,2047,2025-05-04,669.96,1211.00,West,402,0,
000267,001081,2012,2025-05-04,1682.61,4255.00,West,403,1,
000268,001035,2004,2025-05-04,927.25,2087.00,East,403,3,
000269,001178,2017,2025-05-04,1854.80,5933.00,East,404,3,
000270,001157,2000,2025-05-04,1938.62,1065.00,East,401,0,
000271,001065,2027,2025-05-04,775.83,4193.00,West,402,3,
000273,001077,2015,2025-05-04,1822.42,2815.00,West,401,1,
000274,001107,2081,2025-05-04,2238.66,3723.00,East,404,0,
000275,001028,2063,2025-05-04,994.43,3177.00,East,401,1,
000276,001183,2018,2025-05-04,2711.30,2616.00,East,403,3,
000277,001000,2078,2025-05-04,0.00,4885.00,West,403,1,
000278,001146,2053,2025-05-04,1220.30,2694.00,East,402,0,
000279,001134,2046,2025-05-04,33.43,3290.00,East,401,0,
000280,001099,2060,2025-05-04,1633.52,5523.00,West,401,3,
000281,001095,2032,2025-05-04,1512.96,4479.00,East,401,2,
000282,001017,2044,2025-05-04,207.58,4693.00,West,402,0,
000283,001197,2074,2025-05-04,593.55,631.00,West,403,1,
000284,001011,2045,2025-05-04,842.78,86.00,East,403,1,
000285,001199,2087,2025-05-04,159.32,558.00,East,404,3,
000286,001161,2023,2025-05-04,939.54,5770.00,East,402,0,
000287,001183,2099,2025-05-04,1292.64,4553.00,West,404,0,
000288,001075,2025,2025-05-04,0.00,1266.00,West,401,1,
000289,001010,2040,2025-05-04,138.16,3150.00,East,403,3,
000290,001139,2060,2025-05-04,1225.14,1967.00,East,403,0,
000291,001192,2082,2025-05-04,213.28,251.00,West,402,2,
000292,001091,2099,2025-05-04,1034.11,3550.00,West,401,2,
000293,001069,2015,2025-05-04,2699.88,5452.00,West,403,3,
000294,001102,2095,2025-05-04,1472.37,5047.00,West,404,3,
000296,001094,2066,2025-05-04,1032.12,2856.00,West,403,0,
000297,001186,2054,2025-05-04,0.00,145.00,East,401,3,
000298,001154,2023,2025-05-04,751.63,2121.00,East,403,2,
000299,001026,2010,2025-05-04,62.27,3386.00,West,403,2,
000300,001078,2057,2025-05-04,393.28,2689.00,East,404,1,
000301,001176,2056,2025-05-04,524.72,2802.00,West,403,3,
000302,001010,2093,2025-05-04,0.00,186.00,East,403,3,
000303,001070,2081,2025-05-04,1492.44,3746.00,West,401,0,
000304,001171,2081,2025-05-04,596.98,3165.00,East,404,2,
000305,001131,2095,2025-05-04,1472.37,498.00,East,402,0,
000306,001036,2077,2025-05-04,1123.66,3173.00,West,404,0,
000307,001032,2008,2025-05-04,106.54,5867.00,West,402,2,
000308,001092,2049,2025-05-04,0.00,5514.00,East,401,1,
000309,001173,2057,2025-05-04,349.58,1860.00,West,403,2,
000310,001113,2097,2025-05-04,757.89,2642.00,East,401,1,
000311,001135,2046,2025-05-04,80.23,1082.00,West,404,2,
000312,001166,2035,2025-05-04,899.99,5269.00,West,402,0,
000313,001006,2094,2025-05-04,1480.05,1655.00,West,402,3,
000314,001132,2049,2025-05-04,1503.74,2625.00,West,401,2,
000315,001198,2033,2025-05-04,2257.88,533.00,East,404,1,
000316,001156,2036,2025-05-04,784.73,4146.00,West,404,1,
000317,001031,2017,2025-05-04,0.00,480.00,West,401,3,
000318,001044,2091,2025-05-04,1811.58,5496.00,West,404,0,
000319,001174,2040,2025-05-04,34.54,943.00,West,403,0,
000320,001140,2069,2025-05-04,557.74,2257.00,West,403,2,
000321,001040,2091,2025-05-04,724.63,2359.00,West,402,2,
000322,001130,2028,2025-05-04,574.15,810.00,East,401,1,
000323,001035,2030,2025-05-04,339.94,3443.00,West,404,0,
000324,001092,2070,2025-05-04,102.54,4315.00,West,403,3,
000325,001141,2016,2025-05-04,0.00,5274.00,East,401,0,
000326,001079,2050,2025-05-04,186.78,925.00,West,404,3,
000327,001196,2052,2025-05-04,2632.54,2102.00,West,401,1,
000328,001081,2082,2025-05-04,1066.40,2905.00,West,401,3,
000329,001119,2087,2025-05-04,0.00,3451.00,East,403,1,
000330,001199,2070,2025-05-04,30.76,1623.00,East,402,1,
000331,001110,2064,2025-05-04,0.00,438.00,East,401,0,
000332,001132,2019,2025-05-04,1681.07,663.00,West,403,1,
000333,001041,2041,2025-05-04,643.37,5476.00,West,402,2,
000334,001132,2036,2025-05-04,348.77,1690.00,West,401,2,
000335,001050,2081,2025-05-04,2686.39,1726.00,East,403,1,
000336,001160,2038,2025-05-04,0.00,3639.00,West,401,1,
000337,001151,2074,2025-05-04,1187.10,3604.00,West,402,1,
000338,001168,2079,2025-05-04,1901.08,4470.00,East,403,0,
000339,001007,2010,2025-05-04,62.27,4365.00,West,401,2,
000340,001166,2026,2025-05-04,0.00,5277.00,East,404,0,
000341,001127,2080,2025-05-04,1997.42,3706.00,East,403,2,
000342,001123,2031,2025-05-04,1356.72,3299.00,East,404,2,
000343,001116,2009,2025-05-04,119.36,234.00,West,401,1,
000344,001112,2053,2025-05-04,0.00,3043.00,East,404,3,
000345,001052,2043,2025-05-04,698.76,3062.00,East,402,2,
000346,001183,2040,2025-05-04,103.62,813.00,West,403,3,
000348,001081,2030,2025-05-04,339.94,3245.00,East,404,0,
000349,001068,2057,2025-05-04,1179.85,4510.00,East,402,1,
000350,001024,2006,2025-05-04,594.00,555.00,West,403,3,
000351,001157,2053,2025-05-04,1098.27,1604.00,East,402,1,
000352,001083,2073,2025-05-04,2247.44,5131.00,West,403,1,
000353,001195,2020,2025-05-04,1879.15,5928.00,East,404,3,
000354,001127,2039,2025-05-04,1952.88,2245.00,West,404,0,
000355,001023,2050,2025-05-04,0.00,5474.00,East,404,1,
000356,001055,2074,2025-05-04,1978.50,1002.00,West,403,0,
000357,001012,2036,2025-05-04,653.94,4469.00,West,404,3,
000358,001073,2068,2025-05-04,2460.72,1697.00,East,401,0,
000359,001110,2017,2025-05-04,370.96,781.00,East,403,2,
000360,001195,2051,2025-05-04,117.32,3841.00,East,403,0,
000361,001102,2006,2025-05-04,792.00,37.00,West,402,2,
000362,001141,2036,2025-05-04,871.92,5610.00,West,401,3,
000363,001129,2057,2025-05-04,1747.92,833.00,West,403,0,
000364,001032,2012,2025-05-04,997.10,3615.00,West,404,2,
000365,001086,2071,2025-05-04,553.64,1092.00,West,403,1,
000366,001050,2077,2025-05-04,561.83,2598.00,East,404,0,
000367,001011,2004,2025-05-04,0.00,3771.00,West,402,2,
000368,001121,2066,2025-05-04,0.00,24.00,West,404,1,
000369,001155,2065,2025-05-04,1128.82,3963.00,West,402,2,
000370,001156,2040,2025-05-04,138.16,3023.00,West,402,3,
000371,001157,2094,2025-05-04,1578.72,4476.00,East,403,2,
000372,001129,2065,2025-05-04,752.54,3767.00,East,404,2,
000373,001121,2002,2025-05-04,2771.20,5204.00,West,403,2,
000374,001172,2014,2025-05-04,197.04,4679.00,East,404,2,
000375,001185,2088,2025-05-04,2128.05,1867.00,West,401,3,
000376,001067,2083,2025-05-04,0.00,1482.00,East,402,0,
000377,001149,2061,2025-05-04,1199.52,781.00,East,402,3,
000378,001037,2087,2025-05-04,318.64,1765.00,West,402,0,
000379,001146,2089,2025-05-04,744.34,3491.00,East,401,1,
000380,001004,2056,2025-05-04,2098.88,850.00,West,403,3,
000381,001038,2052,2025-05-04,2193.78,575.00,East,402,3,
000383,001180,2017,2025-05-04,741.92,3910.00,West,402,2,
000384,001169,2061,2025-05-04,319.87,2508.00,West,404,2,
000385,001044,2058,2025-05-04,1066.80,5194.00,East,403,2,
000387,001049,2031,2025-05-04,1356.72,5348.00,West,403,2,
000388,001057,2038,2025-05-04,2501.58,4758.00,East,403,1,
000389,001176,2090,2025-05-04,343.87,4431.00,East,404,2,
000390,001122,2044,2025-05-04,166.06,4116.00,East,403,2,
000391,001031,2073,2025-05-04,1498.29,4345.00,East,404,3,
000392,001088,2098,2025-05-04,726.29,1383.00,West,402,2,
000393,001010,2036,2025-05-04,348.77,1607.00,West,401,2,
000394,001113,2083,2025-05-04,3072.64,2614.00,East,403,3,
000395,001054,2025,2025-05-04,671.09,2722.00,East,403,2,
000396,001035,2013,2025-05-04,1683.65,5427.00,West,402,1,
000397,001012,2085,2025-05-04,217.94,5412.00,West,402,1,
000398,001013,2012,2025-05-04,1994.21,1536.00,East,404,2,
000399,001183,2060,2025-05-04,367.54,4377.00,West,401,1,
000400,001001,2070,2025-05-04,102.54,5719.00,West,402,3,
000401,001167,2060,2025-05-04,735.08,164.00,East,404,1,
000403,001165,2007,2025-05-04,0.00,1819.00,West,401,1,
000404,001136,2094,2025-05-04,1776.06,2957.00,West,401,1,
000405,001106,2022,2025-05-04,671.18,4076.00,East,401,3,
000406,001126,2023,2025-05-04,0.00,2944.00,West,403,0,
000407,001002,2038,2025-05-04,1482.42,2592.00,East,401,2,
000408,001072,2058,2025-05-04,1200.15,4730.00,West,404,1,
000409,001129,2059,2025-05-04,1382.54,5091.00,West,403,1,
000410,001028,2042,2025-05-04,502.83,5652.00,West,402,3,
000411,001165,2032,2025-05-04,0.00,5119.00,West,402,0,
000412,001188,2043,2025-05-04,1572.21,1249.00,East,403,1,
000413,001044,2078,2025-05-04,426.03,2410.00,West,404,3,
000414,001131,2041,2025-05-04,3216.84,4020.00,East,401,3,
000415,001171,2012,2025-05-04,1121.74,2702.00,East,402,1,
000416,001122,2041,2025-05-04,1608.42,3066.00,East,402,0,
000417,001066,2049,2025-05-04,0.00,1323.00,West,402,3,
000418,001192,2034,2025-05-04,326.81,5383.00,West,403,2,
000419,001149,2092,2025-05-04,1157.30,1226.00,West,401,2,
000420,001167,2046,2025-05-04,133.72,5355.00,West,402,0,
000421,001170,2015,2025-05-04,0.00,1882.00,West,404,2,
000422,001040,2051,2025-05-04,469.28,3325.00,West,403,0,
000423,001163,2037,2025-05-04,0.00,681.00,West,403,1,
000424,001056,2017,2025-05-04,834.66,3809.00,East,404,1,
000425,001116,2095,2025-05-04,490.79,862.00,East,403,3,
000426,001179,2070,2025-05-04,61.52,62.00,East,404,1,
000427,001195,2031,2025-05-04,1695.90,4615.00,West,401,3,
000428,001135,2090,2025-05-04,0.00,5416.00,West,403,0,
000429,001144,2014,2025-05-04,443.34,5949.00,East,401,1,
000430,001146,2068,2025-05-04,2952.86,4365.00,East,402,1,
000431,001083,2066,2025-05-04,516.06,696.00,East,404,0,
000432,001174,2026,2025-05-04,423.12,1239.00,East,404,0,
000433,001130,2057,2025-05-04,1747.92,3011.00,East,401,3,
000434,001033,2065,2025-05-04,0.00,4996.00,East,404,3,
000435,001144,2007,2025-05-04,933.42,1539.00,East,404,2,
000436,001185,2002,2025-05-04,692.80,1566.00,West,404,2,
000437,001000,2095,2025-05-04,0.00,482.00,East,402,0,
000438,001011,2054,2025-05-04,900.51,3526.00,West,403,0,
000439,001138,2007,2025-05-04,2333.56,1037.00,East,401,3,
000440,001008,2036,2025-05-04,196.18,1299.00,East,404,1,
000441,001196,2017,2025-05-04,741.92,1984.00,East,404,2,
000442,001097,2057,2025-05-04,436.98,2763.00,West,404,3,
000443,001020,2087,2025-05-04,637.28,2917.00,West,402,2,
000444,001030,2022,2025-05-04,604.06,941.00,West,404,1,
000445,001186,2028,2025-05-04,2551.76,3174.00,West,401,0,
000446,001076,2059,2025-05-04,1536.15,1152.00,West,404,3,
000447,001058,2031,2025-05-04,0.00,5709.00,East,404,2,
000448,001039,2035,2025-05-04,899.99,2015.00,East,402,0,
000449,001008,2084,2025-05-04,845.55,1582.00,East,404,0,
000450,001061,2026,2025-05-04,423.12,2772.00,East,401,0,
000451,001152,2004,2025-05-04,2781.75,1869.00,East,404,0,
000452,001062,2094,2025-05-04,1973.40,5271.00,West,401,3,
000453,001112,2029,2025-05-04,13.51,4785.00,West,402,0,
000454,001035,2064,2025-05-04,0.00,2934.00,East,403,1,
000455,001187,2073,2025-05-04,399.54,2731.00,West,403,2,
000456,001060,2038,2025-05-04,3335.44,5347.00,West,402,1,
000457,001105,2038,2025-05-04,1853.02,5209.00,East,403,0,
000459,001142,2063,2025-05-04,1325.90,4684.00,West,401,2,
000461,001178,2053,2025-05-04,1647.40,5149.00,West,404,1,
000462,001076,2048,2025-05-04,1072.89,2874.00,East,402,3,
000463,001061,2028,2025-05-04,1148.29,3327.00,East,403,1,
000464,001118,2007,2025-05-04,1750.17,2397.00,East,404,3,
000465,001142,2067,2025-05-04,1163.80,4462.00,West,402,3,
000466,001062,2032,2025-05-04,756.48,2233.00,East,402,2,
000467,001165,2010,2025-05-04,124.54,3171.00,East,404,2,
000468,001023,2068,2025-05-04,2460.72,2668.00,East,402,0,
000469,001068,2048,2025-05-04,715.26,3932.00,West,401,0,
000470,001048,2097,2025-05-04,0.00,2811.00,East,402,3,
000471,001053,2042,2025-05-04,167.61,5749.00,West,403,0,
000472,001054,2024,2025-05-04,372.81,684.00,East,401,3,
000473,001062,2089,2025-05-04,1240.56,3749.00,East,402,3,
000474,001061,2070,2025-05-04,27.34,5325.00,East,403,2,
000475,001097,2059,2025-05-04,0.00,5415.00,West,403,2,
000476,001066,2046,2025-05-04,200.58,2326.00,East,404,3,
000477,001025,2092,2025-05-04,771.54,2081.00,West,404,2,
000478,001052,2047,2025-05-04,334.98,1942.00,West,403,3,
000479,001011,2072,2025-05-04,756.54,3186.00,West,402,1,
000480,001004,2033,2025-05-04,0.00,1584.00,East,404,2,
000481,001039,2025,2025-05-04,503.32,2126.00,West,403,1,
000482,001097,2072,2025-05-04,420.30,1610.00,East,402,3,
000483,001140,2083,2025-05-04,1843.58,5559.00,East,403,2,
000484,001195,2062,2025-05-04,3096.80,2568.00,West,404,3,
000485,001043,2093,2025-05-04,1360.69,4725.00,West,403,1,
000486,001035,2092,2025-05-04,0.00,2614.00,West,404,1,
000487,001138,2082,2025-05-04,533.20,777.00,East,401,0,
000488,001019,2085,2025-05-04,484.30,5770.00,East,401,0,
000489,001105,2017,2025-05-04,1391.10,4153.00,West,402,0,
000491,001129,2058,2025-05-04,1333.50,3139.00,East,403,0,
000492,001158,2081,2025-05-04,2984.88,609.00,East,404,3,
000493,001004,2000,2025-05-04,2907.93,1072.00,East,404,0,
000494,001004,2067,2025-05-04,465.52,4489.00,West,403,2,
000495,001004,2064,2025-05-04,1323.18,1277.00,West,404,1,
000496,001027,2012,2025-05-04,1121.74,3503.00,West,402,1,
000498,001068,2050,2025-05-04,0.00,4261.00,East,401,2,
000499,001103,2058,2025-05-04,600.08,190.00,East,402,1,
000500,001076,2087,2025-05-04,159.32,1767.00,East,401,0,
000501,001023,2051,2025-05-04,351.96,431.00,East,404,3,
000502,001141,2060,2025-05-04,408.38,3710.00,West,401,0,
000503,001179,2021,2025-05-04,835.41,4220.00,East,401,3,
000504,001111,2082,2025-05-04,0.00,4825.00,West,403,0,
000505,001135,2005,2025-05-04,1157.71,2917.00,West,402,1,
000506,001177,2072,2025-05-04,1008.72,1094.00,West,404,2,
000507,001011,2009,2025-05-04,0.00,3539.00,East,403,0,
000508,001045,2040,2025-05-04,31.09,2664.00,East,401,1,
000509,001150,2018,2025-05-04,1084.52,905.00,East,404,0,
000510,001076,2020,2025-05-04,2254.98,148.00,East,402,3,
000511,001173,2069,2025-05-04,232.39,3607.00,West,403,3,
000513,001128,2095,2025-05-04,0.00,2538.00,West,403,0,
000514,001025,2055,2025-05-04,107.88,1376.00,West,402,0,
000515,001087,2077,2025-05-04,449.46,4381.00,East,404,2,
000516,001007,2081,2025-05-04,746.22,2201.00,West,403,3,
000517,001125,2029,2025-05-04,40.53,2469.00,East,403,3,
000518,001110,2023,2025-05-04,1879.08,2385.00,East,404,0,
000519,001197,2079,2025-05-04,855.49,5563.00,East,403,1,
000520,001182,2009,2025-05-04,53.05,3703.00,West,401,2,
000521,001039,2048,2025-05-04,357.63,265.00,West,402,3,
000522,001081,2046,2025-05-04,33.43,5896.00,West,401,0,
000523,001001,2039,2025-05-04,2343.46,1267.00,West,404,2,
000524,001194,2034,2025-05-04,245.11,4790.00,East,401,1,
000526,001142,2071,2025-05-04,615.16,408.00,West,404,0,
000527,001006,2011,2025-05-04,1229.22,3196.00,West,403,0,
000528,001152,2076,2025-05-04,2418.21,3334.00,West,403,3,
000529,001003,2037,2025-05-04,1440.56,512.00,West,404,3,
000530,001199,2010,2025-05-04,210.17,5403.00,West,402,1,
000531,001175,2048,2025-05-04,965.60,3324.00,East,402,1,
000532,001068,2038,2025-05-04,0.00,3071.00,East,403,3,
000533,001037,2008,2025-05-04,266.36,2317.00,West,402,3,
000534,001070,2053,2025-05-04,1830.45,4708.00,East,403,3,
000535,001005,2009,2025-05-04,53.05,3122.00,West,403,2,
000536,001063,2092,2025-05-04,867.98,3029.00,West,404,1,
000537,001117,2013,2025-05-04,2244.86,4127.00,East,402,2,
000538,001001,2050,2025-05-04,0.00,5880.00,East,403,3,
000539,001084,2056,2025-05-04,1574.16,3502.00,East,403,3,
000540,001166,2076,2025-05-04,0.00,5251.00,East,402,2,
000541,001082,2077,2025-05-04,0.00,508.00,East,402,3,
000542,001080,2022,2025-05-04,1073.89,5587.00,West,404,2,
000543,001074,2094,2025-05-04,444.02,3603.00,East,404,1,
000544,001083,2048,2025-05-04,0.00,5016.00,East,403,3,
000545,001093,2014,2025-05-04,221.67,3539.00,West,402,1,
000546,001174,2098,2025-05-04,2723.58,4673.00,West,401,3,
000547,001181,2026,2025-05-04,507.74,4010.00,West,404,2,
000548,001177,2008,2025-05-04,332.95,3237.00,West,404,3,
000549,001035,2081,2025-05-04,1343.20,1913.00,West,403,1,
000550,001064,2084,2025-05-04,845.55,4367.00,West,402,3,
000551,001096,2009,2025-05-04,198.93,357.00,East,404,3,
000552,001149,2051,2025-05-04,0.00,1561.00,West,404,0,
000553,001092,2089,2025-05-04,827.04,4336.00,West,401,0,
000554,001196,2031,2025-05-04,1526.31,5713.00,West,403,1,
000555,001165,2078,2025-05-04,142.01,4128.00,West,401,3,
000556,001192,2042,2025-05-04,1005.66,1993.00,West,404,0,
000557,001002,2012,2025-05-04,560.87,1262.00,West,403,1,
000558,001130,2095,2025-05-04,1963.16,5261.00,East,402,3,
000559,001095,2050,2025-05-04,168.10,2500.00,West,404,1,
000560,001088,2003,2025-05-04,385.18,1112.00,East,404,0,
000561,001075,2053,2025-05-04,1830.45,5933.00,East,401,0,
000562,001186,2018,2025-05-04,1301.42,5269.00,West,403,2,
000563,001087,2058,2025-05-04,2667.00,3664.00,West,402,3,
000564,001089,2060,2025-05-04,408.38,3068.00,East,401,3,
000565,001184,2089,2025-05-04,1984.90,1607.00,East,404,2,
000566,001017,2038,2025-05-04,0.00,3794.00,West,401,0,
000567,001005,2043,2025-05-04,786.10,4248.00,West,401,1,
000568,001189,2031,2025-05-04,2035.08,1665.00,East,402,1,
000569,001084,2071,2025-05-04,0.00,2217.00,West,404,3,
000570,001059,2051,2025-05-04,527.94,778.00,West,402,1,
000571,001163,2084,2025-05-04,845.55,5883.00,East,404,3,
000572,001007,2094,2025-05-04,493.35,1496.00,East,402,3,
000573,001151,2054,2025-05-04,0.00,229.00,West,404,0,
000574,001180,2027,2025-05-04,0.00,4113.00,East,402,2,
000575,001192,2090,2025-05-04,286.56,1062.00,West,401,0,
000576,001137,2023,2025-05-04,1503.26,2644.00,West,403,2,
000577,001050,2058,2025-05-04,1066.80,1658.00,West,401,2,
000578,001171,2062,2025-05-04,619.36,4794.00,East,403,3,
000579,001156,2050,2025-05-04,0.00,4280.00,West,401,2,
000580,001090,2058,2025-05-04,1066.80,4490.00,East,402,2,
000581,001157,2075,2025-05-04,702.58,3085.00,West,401,1,
000582,001080,2015,2025-05-04,1619.93,3531.00,West,402,2,
000583,001029,2023,2025-05-04,0.00,2693.00,West,403,1,
000584,001130,2049,2025-05-04,845.86,1057.00,East,404,1,
000585,001147,2049,2025-05-04,845.86,1484.00,East,404,1,
000586,001124,2081,2025-05-04,2686.39,1569.00,East,402,1,
000587,001125,2036,2025-05-04,588.55,1249.00,West,402,1,
000588,001080,2057,2025-05-04,699.17,2682.00,East,401,2,
000589,001002,2062,2025-05-04,1114.85,4653.00,West,402,1,
000590,001098,2071,2025-05-04,1845.48,4342.00,West,404,3,
000591,001175,2062,2025-05-04,1858.08,3759.00,West,404,3,
000592,001125,2021,2025-05-04,1670.82,1091.00,East,401,0,
000593,001194,2028,2025-05-04,637.94,2289.00,West,403,0,
000594,001070,2028,2025-05-04,0.00,1594.00,West,403,1,
000595,001199,2058,2025-05-04,2667.00,2332.00,East,404,0,
000596,001146,2014,2025-05-04,0.00,2852.00,West,403,2,
000597,001138,2096,2025-05-04,2688.72,2374.00,West,401,3,
000598,001139,2027,2025-05-04,258.61,1732.00,East,404,0,
000599,001188,2083,2025-05-04,1229.06,2815.00,East,402,2,
000600,001008,2057,2025-05-04,699.17,698.00,West,403,2,
000601,001022,2056,2025-05-04,2361.24,740.00,East,401,1,
000602,001053,2094,2025-05-04,493.35,3289.00,West,403,3,
000603,001042,2078,2025-05-04,127.81,5923.00,West,402,1,
000604,001052,2007,2025-05-04,2333.56,3890.00,West,403,2,
000605,001152,2068,2025-05-04,656.19,1359.00,East,402,2,
000606,001180,2037,2025-05-04,288.11,4293.00,East,403,2,
000607,001131,2086,2025-05-04,2414.07,2662.00,West,401,1,
000608,001192,2052,2025-05-04,0.00,1732.00,West,401,2,
000609,001167,2016,2025-05-04,290.72,3265.00,East,402,1,
000610,001037,2091,2025-05-04,0.00,855.00,East,403,1,
000611,001194,2086,2025-05-04,0.00,5598.00,West,404,3,
000612,001036,2073,2025-05-04,1997.72,3833.00,West,403,3,
000613,001096,2057,2025-05-04,1310.94,694.00,East,401,0,
000614,001103,2065,2025-05-04,376.27,2275.00,West,403,2,
000615,001116,2062,2025-05-04,1238.72,747.00,East,403,0,
000616,001198,2093,2025-05-04,0.00,5823.00,East,401,3,
000617,001162,2085,2025-05-04,0.00,1045.00,East,403,0,
000618,001136,2050,2025-05-04,933.90,2415.00,West,402,3,
000619,001054,2063,2025-05-04,441.97,4885.00,East,403,2,
000621,001087,2087,2025-05-04,637.28,739.00,West,401,0,
000622,001025,2080,2025-05-04,3329.04,3698.00,East,404,0,
000623,001031,2020,2025-05-04,1127.49,3489.00,West,404,3,
000624,001000,2054,2025-05-04,1620.92,5214.00,East,402,1,
000625,001166,2038,2025-05-04,2223.62,5226.00,East,402,2,
000626,001023,2083,2025-05-04,1229.06,1216.00,West,403,2,
000627,001021,2047,2025-05-04,1674.90,56.00,East,402,0,
000629,001109,2083,2025-05-04,768.16,302.00,East,401,0,
000630,001000,2027,2025-05-04,517.22,3792.00,East,404,0,
000631,001033,2075,2025-05-04,780.64,3672.00,West,402,3,
000632,001002,2001,2025-05-04,824.70,4298.00,West,403,0,
000634,001018,2029,2025-05-04,27.02,4971.00,West,404,0,
000635,001187,2013,2025-05-04,2993.15,5129.00,West,401,2,
000636,001094,2038,2025-05-04,926.51,545.00,East,402,3,
000637,001198,2096,2025-05-04,1814.89,2634.00,East,402,1,
000638,001017,2067,2025-05-04,523.71,2601.00,West,401,1,
000639,001112,2044,2025-05-04,560.47,3874.00,West,402,1,
000640,001105,2078,2025-05-04,383.43,3118.00,West,404,1,
000641,001022,2012,2025-05-04,623.19,3545.00,West,402,0,
000642,001150,2093,2025-05-04,1814.26,4180.00,West,404,2,
000643,001109,2040,2025-05-04,31.09,5398.00,West,402,1,
000644,001070,2082,2025-05-04,719.82,2251.00,West,401,1,
000645,001141,2076,2025-05-04,3224.28,2125.00,West,403,0,
000646,001168,2038,2025-05-04,1667.72,5641.00,West,402,1,
000647,001191,2050,2025-05-04,560.34,1535.00,East,403,0,
000648,001005,2030,2025-05-04,679.88,4693.00,West,404,3,
000649,001028,2030,2025-05-04,509.91,2687.00,East,404,0,
000650,001135,2001,2025-05-04,989.64,5933.00,West,403,2,
000651,001033,2049,2025-05-04,751.87,5698.00,West,404,2,
000652,001139,2087,2025-05-04,0.00,4098.00,East,402,3,
000653,001197,2009,2025-05-04,265.24,4773.00,East,401,0,
000654,001003,2033,2025-05-04,836.25,1602.00,East,402,0,
000655,001015,2050,2025-05-04,560.34,1978.00,West,403,3,
000656,001108,2089,2025-05-04,413.52,5915.00,West,404,0,
000657,001163,2068,2025-05-04,3280.96,3717.00,East,402,2,
000658,001021,2039,2025-05-04,878.80,3651.00,East,401,1,
000659,001039,2068,2025-05-04,2460.72,1065.00,West,403,3,
000660,001150,2081,2025-05-04,1193.95,553.00,East,401,2,
000661,001178,2055,2025-05-04,53.94,1009.00,East,402,0,
000662,001062,2011,2025-05-04,0.00,2427.00,East,404,0,
000663,001116,2078,2025-05-04,0.00,859.00,West,401,2,
000664,001170,2094,2025-05-04,986.70,2828.00,East,402,0,
000665,001003,2090,2025-05-04,143.28,1830.00,West,402,0,
000666,001041,2063,2025-05-04,1325.90,170.00,East,403,2,
000667,001042,2047,2025-05-04,803.95,4903.00,West,402,2,
000668,001187,2015,2025-05-04,0.00,858.00,West,401,2,
000669,001109,2034,2025-05-04,326.81,1320.00,East,401,2,
000670,001182,2073,2025-05-04,499.43,4051.00,East,401,3,
000671,001116,2065,2025-05-04,470.34,4082.00,West,403,0,
000672,001127,2072,2025-05-04,1008.72,2100.00,East,402,2,
000673,001040,2032,2025-05-04,0.00,4339.00,West,401,0,
000674,001058,2094,2025-05-04,493.35,88.00,East,401,0,
000675,001003,2031,2025-05-04,1695.90,257.00,East,401,3,
000676,001093,2049,2025-05-04,1691.71,1008.00,West,402,1,
000677,001009,2070,2025-05-04,30.76,3057.00,East,404,1,
000678,001082,2031,2025-05-04,452.24,5279.00,West,404,2,
000679,001069,2009,2025-05-04,0.00,2857.00,West,403,0,
000680,001128,2086,2025-05-04,804.69,4980.00,East,401,1,
000681,001057,2066,2025-05-04,1548.18,5396.00,West,401,3,
000682,001017,2059,2025-05-04,409.64,2948.00,West,403,2,
000683,001083,2011,2025-05-04,1638.96,3052.00,East,404,0,
000684,001094,2025,2025-05-04,223.70,60.00,West,403,2,
000686,001094,2075,2025-05-04,702.58,4372.00,East,404,1,
000687,001187,2069,2025-05-04,627.45,5788.00,West,402,1,
000688,001001,2052,2025-05-04,0.00,965.00,West,401,1,
000689,001138,2044,2025-05-04,166.06,5200.00,East,401,2,
000690,001000,2097,2025-05-04,1347.36,1077.00,West,404,2,
000691,001026,2026,2025-05-04,211.56,5465.00,East,402,3,
000692,001125,2007,2025-05-04,933.42,2652.00,East,402,2,
000693,001023,2005,2025-05-04,1286.34,3996.00,East,402,3,
000694,001179,2047,2025-05-04,669.96,3218.00,East,404,0,
000695,001148,2012,2025-05-04,3115.95,3301.00,East,402,3,
000696,001019,2075,2025-05-04,2341.92,125.00,West,401,3,
000697,001169,2016,2025-05-04,775.25,3375.00,East,402,2,
000698,001066,2040,2025-05-04,55.26,3663.00,West,404,2,
000699,001081,2057,2025-05-04,393.28,3904.00,East,403,1,
000700,001019,2025,2025-05-04,559.24,2730.00,East,402,0,
000702,001119,2040,2025-05-04,69.08,289.00,West,404,0,
000703,001137,2045,2025-05-04,0.00,2186.00,East,402,3,
000704,001078,2059,2025-05-04,1536.15,1823.00,East,403,0,
000705,001023,2020,2025-05-04,0.00,1974.00,East,403,0,
000707,001182,2031,2025-05-04,1695.90,480.00,West,403,3,
000708,001131,2006,2025-05-04,475.20,2442.00,West,403,2,
000709,001044,2003,2025-05-04,1155.54,2409.00,West,404,3,
000710,001142,2095,2025-05-04,2453.95,4865.00,East,402,0,
000711,001118,2013,2025-05-04,1870.72,3126.00,West,402,0,
000712,001003,2007,2025-05-04,1050.10,1056.00,East,402,1,
000713,001050,2051,2025-05-04,117.32,3036.00,West,403,0,
000714,001149,2075,2025-05-04,780.64,1719.00,East,403,0,
000715,001005,2008,2025-05-04,466.13,4823.00,West,402,3,
000716,001032,2011,2025-05-04,409.74,5319.00,West,403,0,
000717,001010,2059,2025-05-04,921.69,3136.00,West,401,1,
000718,001146,2055,2025-05-04,0.00,1626.00,West,404,3,
000719,001007,2048,2025-05-04,1287.47,5180.00,West,404,1,
000720,001090,2027,2025-05-04,413.78,2457.00,East,402,2,
000721,001071,2057,2025-05-04,1310.94,2148.00,West,402,0,
000722,001157,2079,2025-05-04,2281.30,5298.00,East,402,2,
000723,001127,2052,2025-05-04,2193.78,4469.00,East,404,0,
000724,001022,2035,2025-05-04,1619.98,1709.00,West,404,1,
000725,001107,2025,2025-05-04,279.62,3336.00,East,402,0,
000726,001097,2091,2025-05-04,2717.37,5532.00,West,403,3,
000727,001139,2062,2025-05-04,1486.46,885.00,East,403,2,
000728,001099,2034,2025-05-04,408.51,2223.00,West,402,0,
000729,001081,2076,2025-05-04,2418.21,1722.00,East,402,0,
000730,001199,2035,2025-05-04,2699.97,3422.00,East,401,3,
000731,001135,2045,2025-05-04,842.78,4317.00,West,402,1,
000732,001025,2031,2025-05-04,904.48,1730.00,West,402,2,
000733,001136,2094,2025-05-04,0.00,5561.00,West,401,1,
000734,001147,2049,2025-05-04,3383.42,5562.00,West,403,1,
000735,001045,2030,2025-05-04,407.93,2516.00,East,403,2,
000736,001151,2003,2025-05-04,693.32,3534.00,West,403,1,
000737,001144,2024,2025-05-04,298.25,4248.00,West,404,2,
000738,001044,2062,2025-05-04,1238.72,3581.00,West,401,0,
000739,001014,2029,2025-05-04,13.51,1319.00,West,402,0,
000740,001134,2061,2025-05-04,639.74,3864.00,East,401,2,
000741,001157,2025,2025-05-04,671.09,4610.00,East,402,2,
000742,001183,2022,2025-05-04,2684.72,931.00,East,403,0,
000743,001005,2018,2025-05-04,542.26,4114.00,East,402,0,
000744,001134,2046,2025-05-04,53.49,2977.00,West,401,2,
000745,001180,2084,2025-05-04,281.85,1196.00,East,404,0,
000746,001086,2038,2025-05-04,1667.72,3226.00,East,403,1,
000747,001040,2093,2025-05-04,755.94,2023.00,West,404,3,
000748,001166,2040,2025-05-04,27.63,161.00,East,402,2,
000749,001057,2085,2025-05-04,1452.90,3089.00,West,402,3,
000750,001078,2093,2025-05-04,0.00,3340.00,East,403,1,
000751,001045,2093,2025-05-04,2267.82,553.00,West,401,3,
000752,001197,2072,2025-05-04,1513.08,3665.00,East,401,1,
000753,001154,2040,2025-05-04,69.08,1602.00,West,402,0,
000754,001127,2018,2025-05-04,0.00,4025.00,East,403,0,
000755,001060,2044,2025-05-04,934.11,5948.00,West,403,1,
000756,001162,2011,2025-05-04,1229.22,5743.00,West,403,3,
000757,001002,2033,2025-05-04,3010.50,3435.00,West,402,1,
000758,001177,2008,2025-05-04,159.82,5957.00,East,403,2,
000759,001027,2092,2025-05-04,482.21,5521.00,West,401,0,
000760,001098,2056,2025-05-04,944.50,2214.00,West,404,1,
000761,001105,2063,2025-05-04,2209.84,949.00,West,404,2,
000762,001139,2048,2025-05-04,357.63,3359.00,East,401,3,
000763,001147,2083,2025-05-04,691.34,5006.00,West,402,1,
000764,001115,2009,2025-05-04,53.05,123.00,East,401,2,
000765,001005,2040,2025-05-04,103.62,4131.00,West,403,0,
000766,001018,2043,2025-05-04,2620.35,2273.00,West,402,3,
000767,001041,2093,2025-05-04,755.94,2382.00,West,401,0,
000768,001086,2076,2025-05-04,0.00,3840.00,West,404,0,
000769,001110,2083,2025-05-04,768.16,144.00,West,402,3,
000770,001040,2006,2025-05-04,0.00,1419.00,West,401,2,
000771,001052,2024,2025-05-04,298.25,3690.00,East,404,2,
000772,001169,2036,2025-05-04,392.36,5393.00,East,403,1,
000773,001024,2006,2025-05-04,0.00,800.00,West,404,3,
000774,001039,2006,2025-05-04,198.00,5597.00,East,403,0,
000775,001109,2011,2025-05-04,1638.96,1223.00,East,403,3,
000776,001051,2012,2025-05-04,1121.74,3689.00,West,401,1,
000777,001043,2081,2025-05-04,746.22,4504.00,West,403,0,
000778,001121,2014,2025-05-04,985.20,4714.00,West,403,3,
000779,001120,2062,2025-05-04,2477.44,885.00,West,403,0,
000781,001094,2048,2025-05-04,321.87,4431.00,West,403,1,
000782,001114,2005,2025-05-04,428.78,4906.00,East,403,3,
000783,001119,2033,2025-05-04,1338.00,3796.00,East,402,2,
000784,001144,2007,2025-05-04,1166.78,2102.00,East,402,0,
000785,001021,2085,2025-05-04,0.00,2224.00,West,403,3,
000787,001099,2066,2025-05-04,0.00,1319.00,East,404,3,
000788,001146,2030,2025-05-04,543.90,3324.00,East,404,2,
000789,001020,2050,2025-05-04,168.10,2999.00,West,401,1,
000790,001030,2096,2025-05-04,3024.81,5943.00,East,404,1,
000791,001042,2027,2025-05-04,232.75,559.00,West,402,1,
000792,001010,2054,2025-05-04,900.51,4326.00,East,401,3,
000793,001051,2080,2025-05-04,0.00,5570.00,West,402,2,
000794,001081,2093,2025-05-04,755.94,5771.00,West,401,0,
000795,001099,2071,2025-05-04,984.26,5223.00,East,404,2,
000796,001070,2066,2025-05-04,0.00,4985.00,West,404,0,
000797,001179,2079,2025-05-04,2851.62,2678.00,East,404,0,
000799,001027,2072,2025-05-04,672.48,4712.00,West,401,2,
000800,001137,2044,2025-05-04,830.32,2673.00,West,404,2,
000801,001098,2083,2025-05-04,2304.48,1406.00,West,404,3,
000802,001009,2022,2025-05-04,2684.72,1487.00,West,403,3,
000803,001036,2079,2025-05-04,950.54,1772.00,West,404,0,
000804,001101,2042,2025-05-04,335.22,5467.00,East,402,0,
000805,001190,2060,2025-05-04,0.00,168.00,West,403,2,
000806,001005,2043,2025-05-04,2096.28,414.00,East,403,2,
000807,001071,2062,2025-05-04,557.42,742.00,East,401,1,
000808,001034,2038,2025-05-04,2223.62,2592.00,West,404,2,
000809,001068,2093,2025-05-04,2267.82,1119.00,East,404,0,
000810,001048,2056,2025-05-04,524.72,3713.00,West,402,3,
000811,001189,2062,2025-05-04,1858.08,5925.00,West,403,0,
000812,001131,2020,2025-05-04,0.00,322.00,West,401,2,
000813,001181,2064,2025-05-04,264.64,3936.00,West,404,1,
000814,001199,2067,2025-05-04,0.00,1341.00,East,401,1,
000815,001049,2025,2025-05-04,503.32,2717.00,East,401,1,
000816,001008,2058,2025-05-04,533.40,2000.00,East,401,2,
000817,001180,2025,2025-05-04,894.78,2953.00,West,403,2,
000818,001118,2064,2025-05-04,882.12,5045.00,East,404,0,
000819,001174,2003,2025-05-04,308.14,2121.00,East,402,2,
000820,001125,2076,2025-05-04,725.46,2184.00,East,404,1,
000821,001121,2075,2025-05-04,2498.05,2579.00,East,403,2,
000822,001041,2033,2025-05-04,669.00,3549.00,West,401,2,
000823,001007,2049,2025-05-04,845.86,2238.00,West,401,1,
000824,001146,2099,2025-05-04,581.69,4033.00,East,402,1,
000825,001165,2028,2025-05-04,1531.06,2268.00,East,402,2,
000826,001166,2052,2025-05-04,731.26,3736.00,West,401,0,
000827,001121,2016,2025-05-04,646.04,2160.00,East,402,0,
000829,001108,2048,2025-05-04,357.63,2806.00,West,403,3,
000830,001064,2027,2025-05-04,413.78,859.00,West,404,2,
000831,001173,2066,2025-05-04,2580.30,4363.00,East,404,0,
000832,001001,2065,2025-05-04,376.27,2453.00,West,403,2,
000833,001076,2087,2025-05-04,796.60,1139.00,East,401,3,
000834,001016,2043,2025-05-04,2795.04,3207.00,West,403,2,
000835,001070,2033,2025-05-04,752.62,206.00,West,403,1,
000836,001038,2066,2025-05-04,1032.12,5138.00,East,402,0,
000837,001153,2051,2025-05-04,316.76,5804.00,West,403,1,
000838,001184,2003,2025-05-04,1848.86,5854.00,East,404,2,
000839,001066,2053,2025-05-04,0.00,1462.00,East,404,3,
000840,001188,2004,2025-05-04,2967.20,2403.00,West,402,2,
000842,001171,2045,2025-05-04,280.93,5011.00,East,403,1,
000843,001168,2071,2025-05-04,1968.51,2778.00,East,402,2,
000844,001024,2060,2025-05-04,326.70,3870.00,East,402,2,
000845,001185,2071,2025-05-04,984.26,1345.00,East,402,2,
000846,001167,2011,2025-05-04,327.79,3524.00,West,402,2,
000847,001057,2095,2025-05-04,2453.95,4627.00,East,403,3,
000848,001084,2047,2025-05-04,803.95,606.00,East,403,2,
000850,001162,2074,2025-05-04,659.50,3224.00,East,401,3,
000851,001049,2064,2025-05-04,882.12,5762.00,West,401,3,
000852,001135,2038,2025-05-04,926.51,2946.00,East,404,0,
000853,001038,2017,2025-05-04,741.92,2387.00,West,402,2,
000854,001104,2072,2025-05-04,1134.81,5099.00,East,404,1,
000855,001080,2091,2025-05-04,2717.37,4281.00,East,402,0,
000856,001124,2042,2025-05-04,0.00,4976.00,East,402,2,
000857,001162,2007,2025-05-04,583.39,3568.00,West,401,3,
000858,001070,2026,2025-05-04,190.40,2710.00,West,402,1,
000859,001125,2097,2025-05-04,3031.56,4256.00,West,401,1,
000860,001157,2055,2025-05-04,53.94,5793.00,West,404,3,
000861,001109,2061,2025-05-04,799.68,3792.00,West,404,0,
000862,001009,2068,2025-05-04,0.00,5599.00,West,402,2,
000863,001003,2041,2025-05-04,2412.63,2946.00,East,402,0,
000864,001173,2000,2025-05-04,872.38,3392.00,West,402,1,
000865,001177,2044,2025-05-04,373.64,1844.00,East,403,1,
000866,001026,2049,2025-05-04,3383.42,3632.00,East,403,1,
000867,001016,2005,2025-05-04,686.05,2679.00,West,403,2,
000868,001116,2093,2025-05-04,755.94,859.00,East,403,3,
000869,001175,2017,2025-05-04,463.70,3250.00,East,403,3,
000870,001091,2096,2025-05-04,1209.92,4424.00,East,402,1,
000871,001103,2002,2025-05-04,779.40,1164.00,West,402,1,
000872,001186,2016,2025-05-04,646.04,5979.00,East,402,0,
000873,001150,2064,2025-05-04,294.04,3901.00,East,402,0,
000874,001093,2091,2025-05-04,2717.37,4330.00,West,401,3,
000875,001163,2032,2025-05-04,0.00,2448.00,West,401,0,
000876,001169,2013,2025-05-04,935.36,4909.00,West,401,0,
000877,001176,2014,2025-05-04,1231.50,3542.00,West,404,3,
000878,001097,2015,2025-05-04,2699.88,3296.00,West,403,3,
000879,001179,2019,2025-05-04,1867.86,1274.00,West,402,0,
000880,001077,2053,2025-05-04,976.24,2588.00,East,401,2,
000881,001159,2077,2025-05-04,561.83,221.00,East,402,3,
000882,001026,2065,2025-05-04,1881.36,2762.00,West,401,2,
000883,001029,2013,2025-05-04,0.00,1943.00,West,404,1,
000884,001155,2025,2025-05-04,503.32,3082.00,East,403,1,
000885,001091,2090,2025-05-04,171.94,4630.00,East,404,2,
000886,001041,2005,2025-05-04,385.90,5800.00,East,404,1,
000887,001176,2061,2025-05-04,359.86,5290.00,West,403,1,
000888,001000,2001,2025-05-04,1649.40,4234.00,East,401,0,
000889,001146,2085,2025-05-04,653.81,707.00,West,404,1,
000890,001023,2099,2025-05-04,1292.64,5988.00,West,401,0,
000891,001065,2082,2025-05-04,266.60,3375.00,West,402,3,
000892,001075,2033,2025-05-04,2508.75,629.00,West,404,0,
000893,001025,2022,2025-05-04,1073.89,3286.00,West,401,2,
000894,001092,2086,2025-05-04,894.10,5144.00,West,403,3,
000895,001189,2014,2025-05-04,0.00,4901.00,West,401,0,
000896,001002,2017,2025-05-04,0.00,5966.00,East,402,2,
000897,001091,2056,2025-05-04,1049.44,1278.00,East,403,0,
000898,001095,2043,2025-05-04,0.00,4681.00,West,402,0,
000899,001102,2051,2025-05-04,93.86,2559.00,East,404,2,
000900,001098,2088,2025-05-04,0.00,2326.00,East,404,3,
000901,001166,2021,2025-05-04,0.00,3386.00,West,401,1,
000902,001178,2092,2025-05-04,867.98,4250.00,East,401,1,
000903,001026,2053,2025-05-04,1830.45,1130.00,East,404,3,
000904,001046,2078,2025-05-04,454.43,5305.00,West,404,2,
000905,001156,2003,2025-05-04,1925.90,714.00,East,402,3,
000906,001124,2014,2025-05-04,0.00,1300.00,East,404,3,
000907,001011,2008,2025-05-04,106.54,1149.00,East,403,2,
000908,001003,2090,2025-05-04,57.31,4730.00,East,402,2,
000909,001132,2066,2025-05-04,1548.18,4978.00,West,401,3,
000910,001169,2093,2025-05-04,755.94,1863.00,West,402,3,
000911,001088,2084,2025-05-04,0.00,1602.00,East,404,1,
000912,001142,2078,2025-05-04,568.04,563.00,West,401,0,
000914,001042,2009,2025-05-04,53.05,2870.00,East,404,2,
000915,001061,2042,2025-05-04,167.61,5594.00,West,403,0,
000916,001129,2028,2025-05-04,2551.76,5833.00,East,404,3,
000917,001060,2010,2025-05-04,544.88,3478.00,East,404,3,
000918,001146,2057,2025-05-04,436.98,4089.00,West,401,3,
000919,001114,2040,2025-05-04,34.54,2328.00,West,401,3,
000920,001190,2083,2025-05-04,2304.48,2291.00,West,401,0,
000921,001103,2052,2025-05-04,2193.78,1021.00,West,401,0,
000922,001023,2077,2025-05-04,505.65,5696.00,East,403,1,
000923,001167,2085,2025-05-04,387.44,4038.00,West,404,2,
000924,001093,2006,2025-05-04,594.00,5396.00,East,402,3,
000925,001084,2071,2025-05-04,492.13,392.00,East,404,2,
000926,001183,2057,2025-05-04,873.96,3781.00,West,401,0,
000927,001194,2084,2025-05-04,563.70,936.00,West,402,0,
000928,001087,2045,2025-05-04,499.42,4981.00,East,403,2,
000929,001179,2013,2025-05-04,1683.65,1013.00,East,401,1,
000930,001126,2017,2025-05-04,927.40,4103.00,West,404,0,
000931,001065,2078,2025-05-04,127.81,2765.00,East,402,1,
000932,001030,2050,2025-05-04,186.78,3816.00,West,402,3,
000933,001005,2024,2025-05-04,621.35,3748.00,East,403,0,
000935,001197,2057,2025-05-04,1179.85,2684.00,West,404,1,
000936,001127,2000,2025-05-04,969.31,628.00,West,401,3,
000937,001149,2061,2025-05-04,359.86,4578.00,East,402,1,
000938,001187,2016,2025-05-04,2584.16,2062.00,East,401,3,
000939,001168,2076,2025-05-04,2418.21,5057.00,East,403,3,
000940,001107,2077,2025-05-04,898.93,1245.00,East,402,2,
000942,001034,2017,2025-05-04,0.00,4866.00,West,404,2,
000943,001179,2070,2025-05-04,61.52,1727.00,East,403,1,
000944,001051,2026,2025-05-04,338.50,2498.00,West,403,2,
000945,001172,2016,2025-05-04,516.83,3510.00,West,402,2,
000946,001181,2014,2025-05-04,246.30,1237.00,West,403,3,
000947,001149,2073,2025-05-04,799.09,5706.00,East,404,2,
000948,001108,2001,2025-05-04,412.35,4551.00,East,401,0,
000949,001097,2018,2025-05-04,1084.52,1669.00,East,401,0,
000950,001051,2034,2025-05-04,217.87,825.00,East,402,2,
000952,001176,2037,2025-05-04,720.28,2169.00,East,402,0,
000953,001091,2057,2025-05-04,786.56,2908.00,West,401,1,
000954,001190,2082,2025-05-04,239.94,58.00,East,404,1,
000955,001130,2089,2025-05-04,413.52,3795.00,East,403,0,
000956,001097,2049,2025-05-04,0.00,1682.00,East,404,2,
000957,001141,2006,2025-05-04,0.00,500.00,East,401,2,
000958,001051,2079,2025-05-04,1710.97,4364.00,East,404,1,
000959,001162,2090,2025-05-04,257.90,5771.00,East,403,1,
000960,001198,2092,2025-05-04,771.54,1845.00,West,402,2,
000961,001114,2022,2025-05-04,3020.31,1137.00,West,401,1,
000962,001044,2094,2025-05-04,493.35,1843.00,West,401,3,
000963,001010,2054,2025-05-04,720.41,3238.00,West,403,2,
000964,001033,2020,2025-05-04,751.66,3700.00,East,403,0,
000965,001084,2059,2025-05-04,0.00,537.00,East,402,0,
000966,001039,2041,2025-05-04,0.00,2506.00,East,401,2,
000967,001125,2073,2025-05-04,1997.72,3045.00,West,403,0,
000968,001005,2090,2025-05-04,193.43,4249.00,West,403,1,
000969,001047,2066,2025-05-04,464.45,4139.00,East,401,1,
000970,001106,2069,2025-05-04,464.78,2247.00,East,404,0,
000971,001089,2028,2025-05-04,0.00,1538.00,East,402,2,
000972,001084,2046,2025-05-04,0.00,819.00,East,403,1,
000973,001192,2079,2025-05-04,950.54,1599.00,West,404,0,
000974,001029,2085,2025-05-04,726.45,3631.00,East,403,3,
000975,001061,2082,2025-05-04,533.20,158.00,East,402,0,
000976,001174,2041,2025-05-04,804.21,1775.00,West,404,0,
000977,001098,2032,2025-05-04,0.00,2509.00,West,403,0,
000979,001124,2005,2025-05-04,1157.71,1772.00,West,403,1,
000980,001082,2065,2025-05-04,1411.02,596.00,East,401,0,
000982,001053,2085,2025-05-04,726.45,1355.00,West,402,3,
000983,001026,2026,2025-05-04,423.12,4757.00,West,404,0,
000984,001191,2087,2025-05-04,477.96,5702.00,East,402,0,
000985,001117,2091,2025-05-04,1811.58,5560.00,West,403,0,
000986,001022,2009,2025-05-04,119.36,2335.00,West,401,1,
000987,001064,2071,2025-05-04,1107.29,5847.00,West,401,1,
000989,001161,2051,2025-05-04,375.42,281.00,West,404,2,
000990,001004,2049,2025-05-04,939.84,1368.00,East,401,0,
000992,001179,2009,2025-05-04,66.31,4108.00,East,403,0,
000993,001074,2087,2025-05-04,477.96,1038.00,East,403,0,
000994,001072,2097,2025-05-04,842.10,816.00,East,404,3,
000995,001101,2084,2025-05-04,1127.40,116.00,West,401,3,
000996,001040,2068,2025-05-04,2952.86,4398.00,East,402,1,
000997,001191,2050,2025-05-04,504.31,515.00,East,403,1,
000998,001076,2086,2025-05-04,2682.30,1522.00,West,403,0,
000999,001141,2071,2025-05-04,1230.32,435.00,East,402,0,
001001,001078,2026,2025-05-04,761.62,5506.00,East,403,1,
001002,001105,2082,2025-05-04,239.94,4780.00,East,402,1,
001003,001047,2028,2025-05-04,1148.29,2767.00,West,403,1,
001004,001029,2023,2025-05-04,2818.62,3547.00,East,401,3,
001005,001165,2070,2025-05-04,54.69,1848.00,East,401,2,
001006,001171,2008,2025-05-04,133.18,2558.00,West,403,0,
001007,001050,2092,2025-05-04,771.54,1585.00,West,404,2,
001008,001091,2016,2025-05-04,1292.08,568.00,West,402,0,
001009,001072,2079,2025-05-04,855.49,691.00,West,401,1,
001010,001081,2062,2025-05-04,495.49,5150.00,East,404,2,
001011,001157,2084,2025-05-04,253.67,4117.00,West,403,1,
001012,001144,2072,2025-05-04,672.48,5993.00,East,403,2,
001013,001109,2021,2025-05-04,668.33,4295.00,West,401,2,
001014,001063,2028,2025-05-04,510.35,4462.00,East,404,2,
001015,001092,2017,2025-05-04,1854.80,2137.00,East,403,3,
001016,001118,2057,2025-05-04,699.17,1651.00,West,403,2,
001017,001124,2070,2025-05-04,30.76,4258.00,East,401,1,
001018,001165,2077,2025-05-04,449.46,3303.00,West,401,2,
001019,001035,2068,2025-05-04,1968.58,488.00,West,402,2,
001020,001187,2080,2025-05-04,0.00,2918.00,East,401,0,
001021,001004,2064,2025-05-04,882.12,2084.00,West,401,3,
001022,001196,2075,2025-05-04,2341.92,3852.00,West,402,0,
001023,001141,2033,2025-05-04,0.00,3425.00,West,404,1,
001024,001093,2050,2025-05-04,448.27,5779.00,West,402,2,
001025,001034,2059,2025-05-04,1536.15,2203.00,West,401,3,
001026,001093,2064,2025-05-04,793.91,1806.00,East,401,1,
001027,001157,2087,2025-05-04,286.78,5513.00,East,402,1,
001028,001114,2020,2025-05-04,676.49,3749.00,East,402,1,
001029,001188,2093,2025-05-04,1814.26,2577.00,West,404,2,
001030,001010,2028,2025-05-04,1148.29,3001.00,West,404,1,
001031,001016,2033,2025-05-04,2257.88,2091.00,East,403,1,
001032,001010,2085,2025-05-04,387.44,2520.00,East,402,2,
001033,001099,2060,2025-05-04,0.00,1079.00,East,404,0,
001034,001010,2083,2025-05-04,768.16,4907.00,West,403,0,
001035,001180,2066,2025-05-04,1238.54,2556.00,West,403,2,
001036,001148,2069,2025-05-04,697.17,591.00,East,402,3,
001037,001167,2048,2025-05-04,1072.89,1206.00,West,403,0,
001038,001132,2032,2025-05-04,851.04,3586.00,East,404,1,
001039,001132,2051,2025-05-04,187.71,42.00,West,403,2,
001040,001124,2061,2025-05-04,0.00,1842.00,East,401,1,
001041,001112,2021,2025-05-04,835.41,4108.00,East,402,0,
001042,001131,2082,2025-05-04,239.94,1117.00,East,403,1,
001043,001038,2023,2025-05-04,0.00,5279.00,West,402,2,
001044,001154,2091,2025-05-04,3260.84,2668.00,East,401,1,
001045,001106,2042,2025-05-04,1173.27,1851.00,East,401,3,
001046,001172,2061,2025-05-04,719.71,1407.00,West,404,1,
001047,001151,2020,2025-05-04,1127.49,5237.00,East,404,0,
001048,001062,2005,2025-05-04,385.90,1730.00,West,402,1,
001049,001034,2080,2025-05-04,2996.14,4506.00,West,401,1,
001050,001014,2021,2025-05-04,1503.74,21.00,East,403,1,
001051,001132,2051,2025-05-04,281.57,3953.00,East,401,2,
001052,001021,2027,2025-05-04,775.83,2269.00,West,404,3,
001053,001123,2021,2025-05-04,0.00,3426.00,West,402,3,
001054,001153,2018,2025-05-04,867.62,5563.00,East,402,2,
001055,001042,2092,2025-05-04,1446.63,5874.00,West,403,3,
001056,001152,2075,2025-05-04,2107.73,4203.00,East,401,1,
001057,001096,2049,2025-05-04,939.84,1166.00,East,402,0,
001058,001004,2025,2025-05-04,0.00,4359.00,West,404,1,
001059,001155,2012,2025-05-04,623.19,5160.00,East,402,3,
001060,001157,2076,2025-05-04,2418.21,953.00,West,401,0,
001061,001023,2061,2025-05-04,199.92,5434.00,West,402,0,
001062,001198,2086,2025-05-04,894.10,3622.00,West,404,3,
001063,001094,2005,2025-05-04,771.80,3647.00,West,404,1,
001065,001150,2094,2025-05-04,2466.75,3397.00,West,401,3,
001066,001034,2032,2025-05-04,1702.08,3481.00,West,404,1,
001067,001021,2036,2025-05-04,348.77,5445.00,West,404,2,
001069,001133,2000,2025-05-04,872.38,3276.00,West,404,1,
001070,001176,2040,2025-05-04,55.26,5180.00,West,404,2,
001071,001027,2019,2025-05-04,747.14,1544.00,East,404,2,
001072,001066,2068,2025-05-04,1968.58,3326.00,West,404,2,
001073,001156,2035,2025-05-04,0.00,2555.00,East,404,1,
001074,001105,2070,2025-05-04,0.00,291.00,East,404,1,
001075,001094,2071,2025-05-04,984.26,5636.00,East,404,2,
001076,001078,2073,2025-05-04,499.43,4906.00,East,403,3,
001077,001188,2017,2025-05-04,417.33,2604.00,East,401,1,
001078,001114,2089,2025-05-04,827.04,2913.00,East,402,0,
001079,001054,2065,2025-05-04,376.27,879.00,West,404,2,
001080,001140,2078,2025-05-04,255.62,1286.00,West,401,1,
001081,001099,2081,2025-05-04,1492.44,2729.00,West,401,0,
001082,001037,2060,2025-05-04,1225.14,750.00,East,404,0,
001083,001016,2033,2025-05-04,2007.00,3704.00,West,402,2,
001084,001020,2077,2025-05-04,561.83,5202.00,East,401,3,
001085,001102,2078,2025-05-04,142.01,3694.00,East,403,0,
001086,001198,2022,2025-05-04,671.18,5130.00,East,404,3,
001087,001002,2025,2025-05-04,503.32,704.00,West,403,1,
001088,001008,2076,2025-05-04,1450.93,4285.00,West,402,1,
001089,001172,2004,2025-05-04,834.52,1252.00,West,403,1,
001090,001167,2000,2025-05-04,969.31,1225.00,West,402,0,
001091,001070,2099,2025-05-04,1551.17,5917.00,East,404,2,
001092,001171,2050,2025-05-04,168.10,2304.00,West,404,1,
001093,001132,2001,2025-05-04,2061.75,4588.00,East,401,0,
001094,001140,2036,2025-05-04,348.77,5274.00,West,403,2,
001095,001070,2028,2025-05-04,2551.76,2633.00,East,402,3,
001096,001103,2073,2025-05-04,0.00,1756.00,West,401,2,
001097,001044,2052,2025-05-04,2193.78,4599.00,West,401,0,
001098,001128,2037,2025-05-04,0.00,5502.00,East,403,0,
001100,001096,2072,2025-05-04,378.27,2875.00,East,404,1,
001102,001150,2003,2025-05-04,1155.54,4583.00,East,404,0,
001103,001066,2008,2025-05-04,59.93,255.00,West,404,1,
001104,001173,2089,2025-05-04,0.00,844.00,East,402,2,
001105,001105,2045,2025-05-04,499.42,110.00,West,401,2,
001106,001063,2036,2025-05-04,653.94,3936.00,East,401,3,
001107,001172,2095,2025-05-04,981.58,2326.00,East,403,0,
001108,001141,2022,2025-05-04,0.00,1247.00,East,404,2,
001109,001090,2027,2025-05-04,698.25,2093.00,East,403,1,
001110,001191,2087,2025-05-04,955.92,371.00,East,402,3,
001111,001188,2025,2025-05-04,251.66,1135.00,West,402,1,
001112,001067,2026,2025-05-04,380.81,1007.00,East,402,1,
001113,001063,2079,2025-05-04,1710.97,4341.00,West,403,1,
001115,001173,2084,2025-05-04,281.85,4012.00,West,404,0,
001116,001195,2069,2025-05-04,697.17,449.00,East,401,3,
001117,001095,2079,2025-05-04,950.54,3024.00,West,403,3,
001118,001147,2035,2025-05-04,809.99,5212.00,West,404,1,
001119,001195,2065,2025-05-04,1411.02,1728.00,West,403,3,
001120,001056,2096,2025-05-04,0.00,4317.00,West,402,0,
001122,001128,2044,2025-05-04,373.64,162.00,West,404,1,
001123,001117,2015,2025-05-04,1619.93,2300.00,East,404,2,
001124,001176,2001,2025-05-04,371.12,4433.00,East,401,1,
001125,001097,2074,2025-05-04,527.60,1321.00,West,401,2,
001126,001092,2078,2025-05-04,383.43,1719.00,West,403,1,
001127,001140,2033,2025-05-04,1338.00,2828.00,East,402,2,
001128,001120,2078,2025-05-04,227.22,4338.00,West,403,2,
001129,001047,2063,2025-05-04,0.00,16.00,East,404,1,
001130,001107,2089,2025-05-04,330.82,1896.00,East,403,2,
001131,001102,2035,2025-05-04,1619.98,5586.00,West,404,1,
001132,001146,2016,2025-05-04,0.00,1670.00,West,402,0,
001133,001184,2034,2025-05-04,680.85,869.00,West,402,3,
001134,001097,2025,2025-05-04,1258.29,2592.00,West,402,1,
001135,001121,2001,2025-05-04,0.00,5571.00,East,402,3,
001136,001127,2017,2025-05-04,0.00,4473.00,East,403,3,
001138,001025,2088,2025-05-04,0.00,2737.00,West,402,0,
001139,001055,2032,2025-05-04,945.60,3141.00,West,404,0,
001140,001115,2095,2025-05-04,0.00,5444.00,West,403,2,
001141,001092,2046,2025-05-04,80.23,533.00,West,403,2,
001142,001005,2052,2025-05-04,1170.02,1722.00,East,401,2,
001143,001173,2077,2025-05-04,1516.94,698.00,West,402,1,
001144,001199,2036,2025-05-04,871.92,5425.00,West,403,2,
001145,001172,2065,2025-05-04,2822.04,5065.00,West,404,3,
001146,001020,2048,2025-05-04,1072.89,3953.00,West,403,3,
001147,001161,2018,2025-05-04,1301.42,4791.00,West,402,2,
001149,001020,2020,2025-05-04,1014.74,661.00,East,403,1,
001150,001080,2040,2025-05-04,55.26,402.00,East,403,2,
001151,001154,2082,2025-05-04,639.84,3894.00,West,404,2,
001152,001113,2099,2025-05-04,646.32,5021.00,West,403,3,
001153,001105,2021,2025-05-04,835.41,1476.00,East,402,0,
001154,001032,2093,2025-05-04,2419.01,2049.00,West,402,2,
001155,001190,2089,2025-05-04,0.00,55.00,East,401,1,
001156,001042,2050,2025-05-04,1120.68,2625.00,East,401,0,
001157,001016,2060,2025-05-04,816.76,866.00,East,401,0,
001158,001197,2050,2025-05-04,560.34,4801.00,East,401,0,
001159,001067,2079,2025-05-04,1901.08,3850.00,East,402,0,
001160,001167,2049,2025-05-04,0.00,1114.00,East,403,1,
001161,001063,2094,2025-05-04,493.35,5498.00,West,403,3,
001162,001160,2016,2025-05-04,1162.87,1901.00,West,402,1,
001163,001007,2004,2025-05-04,2225.40,3747.00,West,403,2,
001164,001121,2059,2025-05-04,2048.20,4911.00,East,403,3,
001165,001034,2089,2025-05-04,2481.12,1025.00,West,402,3,
001166,001161,2095,2025-05-04,392.63,4491.00,West,404,2,
001167,001088,2061,2025-05-04,799.68,5439.00,East,402,0,
001168,001113,2039,2025-05-04,976.44,2653.00,West,403,3,
001169,001066,2019,2025-05-04,933.93,2327.00,East,403,0,
001170,001000,2066,2025-05-04,412.85,3693.00,East,402,2,
001171,001073,2060,2025-05-04,0.00,5344.00,West,401,3,
001173,001196,2055,2025-05-04,194.18,4030.00,West,403,1,
001174,001001,2070,2025-05-04,61.52,401.00,West,403,1,
001175,001105,2071,2025-05-04,615.16,5556.00,East,404,3,
001176,001063,2020,2025-05-04,375.83,2962.00,West,404,3,
001177,001056,2033,2025-05-04,836.25,1208.00,West,401,3,
001178,001160,2030,2025-05-04,271.95,1512.00,East,403,2,
001179,001166,2095,2025-05-04,1472.37,4010.00,West,403,3,
001180,001048,2008,2025-05-04,0.00,748.00,West,402,1,
001181,001074,2014,2025-05-04,738.90,3844.00,West,404,3,
001182,001069,2089,2025-05-04,372.17,962.00,West,404,1,
001183,001082,2002,2025-05-04,1732.00,649.00,West,402,0,
001184,001136,2002,2025-05-04,1732.00,2094.00,West,402,0,
001185,001072,2034,2025-05-04,0.00,1342.00,West,402,3,
001186,001186,2001,2025-05-04,824.70,1992.00,West,402,0,
001187,001038,2001,2025-05-04,0.00,2546.00,East,404,1,
001188,001087,2053,2025-05-04,2440.60,4684.00,West,403,3,
001189,001095,2059,2025-05-04,1638.56,539.00,East,401,2,
001190,001020,2096,2025-05-04,2688.72,3884.00,East,402,0,
001191,001068,2099,2025-05-04,1938.96,3705.00,East,404,0,
001192,001139,2060,2025-05-04,1102.63,3585.00,East,402,1,
001193,001064,2048,2025-05-04,715.26,5089.00,East,401,0,
001194,001196,2091,2025-05-04,0.00,3483.00,West,402,3,
001195,001197,2056,2025-05-04,1049.44,1770.00,East,402,0,
001196,001050,2058,2025-05-04,1800.22,5449.00,West,401,1,
001197,001121,2049,2025-05-04,751.87,3200.00,West,403,2,
001198,001040,2080,2025-05-04,1664.52,160.00,East,401,0,
001199,001064,2061,2025-05-04,179.93,5521.00,East,403,1,
001200,001092,2006,2025-05-04,198.00,3927.00,East,402,0,
001201,001060,2081,2025-05-04,1193.95,2048.00,East,404,2,
001202,001003,2021,2025-05-04,2506.23,2444.00,East,403,0,
001203,001101,2031,2025-05-04,1130.60,1997.00,East,401,0,
001204,001148,2088,2025-05-04,0.00,4227.00,East,404,1,
001205,001095,2098,2025-05-04,2451.22,2285.00,West,401,1,
001206,001040,2063,2025-05-04,883.94,586.00,East,401,2,
001207,001194,2080,2025-05-04,1664.52,5728.00,West,401,0,
001208,001091,2082,2025-05-04,0.00,5227.00,West,402,0,
001209,001032,2062,2025-05-04,1981.95,5475.00,West,402,2,
001210,001142,2082,2025-05-04,799.80,1195.00,East,403,3,
001211,001187,2024,2025-05-04,372.81,2252.00,West,401,3,
001212,001091,2092,2025-05-04,385.77,369.00,West,402,2,
001213,001010,2062,2025-05-04,990.98,3273.00,West,404,2,
001214,001138,2089,2025-05-04,744.34,2671.00,East,404,1,
001215,001145,2023,2025-05-04,1503.26,70.00,East,403,2,
001216,001187,2059,2025-05-04,1843.38,4103.00,West,403,1,
001217,001017,2067,2025-05-04,0.00,4072.00,West,402,3,
001218,001075,2033,2025-05-04,836.25,64.00,East,403,3,
001219,001000,2099,2025-05-04,2326.75,4543.00,West,404,1,
001220,001004,2079,2025-05-04,0.00,1526.00,West,403,1,
001221,001082,2092,2025-05-04,0.00,3904.00,West,401,3,
001222,001048,2067,2025-05-04,785.56,1898.00,West,404,1,
001223,001156,2036,2025-05-04,0.00,1774.00,East,403,3,
001225,001133,2084,2025-05-04,0.00,247.00,West,401,0,
001226,001033,2022,2025-05-04,604.06,3139.00,East,401,1,
001227,001027,2062,2025-05-04,1238.72,1666.00,West,402,0,
001228,001008,2073,2025-05-04,1498.29,3127.00,East,404,3,
001229,001134,2079,2025-05-04,950.54,3728.00,East,403,0,
001230,001093,2028,2025-05-04,1275.88,1454.00,East,401,0,
001231,001053,2083,2025-05-04,2304.48,615.00,East,404,0,
001232,001119,2081,2025-05-04,0.00,5163.00,East,401,2,
001233,001142,2095,2025-05-04,1177.90,1011.00,West,404,2,
001234,001181,2007,2025-05-04,583.39,4117.00,West,403,0,
001235,001187,2009,2025-05-04,265.24,4673.00,West,403,0,
001236,001055,2066,2025-05-04,2580.30,85.00,East,401,0,
001237,001185,2029,2025-05-04,12.16,1428.00,West,404,1,
001238,001049,2067,2025-05-04,261.86,3548.00,West,402,1,
001239,001142,2095,2025-05-04,1963.16,5710.00,West,404,0,
001240,001196,2081,2025-05-04,746.22,60.00,West,403,3,
001241,001179,2085,2025-05-04,242.15,4633.00,East,404,0,
001242,001042,2023,2025-05-04,2254.90,829.00,West,404,2,
001243,001168,2020,2025-05-04,601.33,1543.00,East,404,2,
001244,001080,2070,2025-05-04,0.00,5605.00,West,403,2,
001245,001105,2097,2025-05-04,673.68,4849.00,East,404,2,
001246,001155,2030,2025-05-04,509.91,2115.00,West,402,3,
001247,001196,2070,2025-05-04,27.34,5409.00,West,403,2,
001248,001115,2057,2025-05-04,1747.92,3468.00,West,404,0,
001249,001185,2004,2025-05-04,2781.75,1179.00,East,403,0,
001250,001132,2017,2025-05-04,0.00,3684.00,East,403,0,
001251,001076,2028,2025-05-04,1020.70,116.00,West,402,2,
001252,001005,2098,2025-05-04,3268.30,643.00,East,403,1,
001253,001024,2004,2025-05-04,1483.60,5323.00,West,404,2,
001254,001039,2017,2025-05-04,370.96,223.00,East,403,2,
001255,001149,2031,2025-05-04,904.48,3235.00,East,402,2,
001256,001076,2011,2025-05-04,737.53,2564.00,West,404,1,
001257,001187,2009,2025-05-04,198.93,2360.00,East,403,3,
001258,001044,2062,2025-05-04,495.49,2487.00,West,401,2,
001259,001009,2093,2025-05-04,0.00,5023.00,East,404,0,
001260,001199,2007,2025-05-04,1400.14,5116.00,West,403,2,
001261,001111,2053,2025-05-04,3294.81,89.00,West,401,1,
001262,001191,2083,2025-05-04,768.16,92.00,East,401,3,
001263,001013,2039,2025-05-04,1562.30,4750.00,East,401,2,
001264,001138,2072,2025-05-04,672.48,1500.00,West,402,2,
001265,001128,2089,2025-05-04,744.34,2729.00,West,402,1,
001266,001012,2086,2025-05-04,2682.30,5780.00,East,404,3,
001267,001192,2076,2025-05-04,1450.93,1537.00,East,401,1,
001268,001110,2037,2025-05-04,324.13,3851.00,West,404,1,
001270,001146,2095,2025-05-04,1963.16,4510.00,East,401,3,
001271,001067,2010,2025-05-04,0.00,4238.00,East,404,3,
001272,001198,2089,2025-05-04,744.34,864.00,East,402,1,
001273,001123,2071,2025-05-04,1845.48,4637.00,East,402,3,
001274,001101,2083,2025-05-04,2074.03,2975.00,East,402,1,
001275,001062,2009,2025-05-04,66.31,1152.00,West,403,3,
001276,001082,2087,2025-05-04,318.64,3912.00,West,401,0,
001277,001171,2052,2025-05-04,0.00,388.00,West,404,2,
001278,001089,2024,2025-05-04,298.25,1230.00,West,403,2,
001279,001152,2083,2025-05-04,1843.58,4785.00,West,401,2,
001280,001043,2044,2025-05-04,373.64,5089.00,East,404,1,
001281,001112,2005,2025-05-04,0.00,3482.00,West,402,1,
001282,001175,2047,2025-05-04,1004.94,4335.00,East,402,0,
001283,001028,2094,2025-05-04,888.03,2192.00,West,401,1,
001284,001158,2018,2025-05-04,2169.04,2407.00,East,403,0,
001285,001087,2088,2025-05-04,567.48,3008.00,West,401,2,
001286,001115,2060,2025-05-04,980.11,3449.00,East,401,2,
001287,001053,2094,2025-05-04,888.03,3884.00,West,402,1,
001288,001139,2066,2025-05-04,2580.30,402.00,East,403,3,
001289,001159,2093,2025-05-04,0.00,1214.00,West,402,0,
001290,001096,2074,2025-05-04,1055.20,53.00,West,401,2,
001291,001043,2007,2025-05-04,525.05,5204.00,West,403,1,
001292,001178,2079,2025-05-04,950.54,3699.00,East,403,0,
001293,001119,2083,2025-05-04,768.16,4119.00,West,401,0,
001294,001099,2084,2025-05-04,0.00,3508.00,East,403,2,
001295,001027,2002,2025-05-04,866.00,2696.00,West,403,3,
001296,001059,2048,2025-05-04,572.21,5065.00,East,401,2,
001297,001124,2076,2025-05-04,2176.39,1222.00,West,401,1,
001298,001050,2064,2025-05-04,1470.20,3968.00,West,404,0,
001299,001010,2031,2025-05-04,1356.72,1465.00,East,403,2,
001300,001125,2050,2025-05-04,373.56,2536.00,West,402,0,
001301,001088,2087,2025-05-04,509.82,818.00,West,403,2,
001302,001160,2038,2025-05-04,2223.62,500.00,East,402,2,
001303,001015,2080,2025-05-04,2496.78,2120.00,West,403,3,
001304,001007,2071,2025-05-04,553.64,5516.00,East,403,1,
001305,001038,2043,2025-05-04,786.10,1524.00,West,404,1,
001306,001022,2093,2025-05-04,2721.38,4913.00,West,404,1,
001307,001106,2030,2025-05-04,1019.82,3742.00,East,402,3,
001308,001079,2077,2025-05-04,561.83,457.00,West,403,3,
001309,001138,2016,2025-05-04,872.15,1771.00,East,402,1,
001310,001148,2069,2025-05-04,418.30,4012.00,East,402,1,
001311,001079,2088,2025-05-04,709.35,3393.00,East,402,3,
001312,001197,2018,2025-05-04,867.62,5519.00,East,402,2,
001313,001017,2071,2025-05-04,553.64,3772.00,West,401,1,
001314,001081,2018,2025-05-04,867.62,5635.00,East,401,2,
001315,001105,2052,2025-05-04,731.26,4581.00,West,403,3,
001316,001190,2081,2025-05-04,0.00,677.00,East,403,1,
001317,001199,2024,2025-05-04,223.69,1851.00,East,401,1,
001318,001047,2003,2025-05-04,346.66,829.00,East,403,1,
001319,001152,2029,2025-05-04,27.02,3852.00,West,402,0,
001320,001091,2010,2025-05-04,210.17,2992.00,East,404,1,
001321,001128,2077,2025-05-04,0.00,152.00,West,404,2,
001322,001047,2049,2025-05-04,0.00,4572.00,West,404,3,
001323,001035,2020,2025-05-04,676.49,4035.00,East,402,1,
001324,001008,2052,2025-05-04,585.01,2154.00,West,401,2,
001325,001105,2028,2025-05-04,1148.29,3653.00,West,402,1,
001326,001016,2022,2025-05-04,2684.72,2607.00,West,404,3,
001327,001176,2041,2025-05-04,1447.58,604.00,East,404,1,
001328,001109,2051,2025-05-04,469.28,878.00,West,401,3,
001329,001184,2040,2025-05-04,103.62,4053.00,East,404,0,
001331,001010,2031,2025-05-04,1130.60,956.00,East,404,0,
001332,001142,2049,2025-05-04,0.00,1478.00,West,401,1,
001333,001074,2056,2025-05-04,839.55,1447.00,East,404,2,
001334,001198,2036,2025-05-04,392.36,2667.00,East,404,1,
001335,001108,2037,2025-05-04,648.25,5383.00,West,401,1,
001336,001118,2082,2025-05-04,799.80,3301.00,West,404,0,
001337,001184,2064,2025-05-04,264.64,4878.00,West,401,1,
001338,001199,2074,2025-05-04,1978.50,4745.00,West,402,3,
001339,001105,2041,2025-05-04,0.00,1335.00,East,404,0,
001340,001045,2058,2025-05-04,0.00,4552.00,West,402,3,
001341,001023,2032,2025-05-04,1702.08,4427.00,West,403,1,
001342,001183,2093,2025-05-04,2267.82,3690.00,West,401,0,
001343,001029,2090,2025-05-04,57.31,5348.00,West,404,2,
001344,001021,2067,2025-05-04,261.86,4251.00,East,404,1,
001345,001096,2070,2025-05-04,136.72,5843.00,East,404,0,
001346,001196,2021,2025-05-04,751.87,3562.00,East,403,1,
001347,001041,2018,2025-05-04,1084.52,2546.00,West,402,0,
001348,001107,2039,2025-05-04,0.00,4564.00,West,403,3,
001349,001073,2080,2025-05-04,3329.04,1160.00,West,402,0,
001350,001033,2025,2025-05-04,671.09,3386.00,West,401,2,
001351,001003,2058,2025-05-04,2000.25,1724.00,West,404,3,
001352,001139,2000,2025-05-04,1744.76,1839.00,East,404,1,
001353,001055,2075,2025-05-04,3122.56,1131.00,West,404,3,
001354,001104,2056,2025-05-04,1574.16,2007.00,West,401,0,
001355,001062,2070,2025-05-04,30.76,3872.00,West,403,1,
001356,001012,2023,2025-05-04,2818.62,4742.00,West,402,0,
001357,001167,2044,2025-05-04,560.47,369.00,East,401,1,
001358,001008,2085,2025-05-04,0.00,4103.00,East,403,2,
001359,001022,2006,2025-05-04,990.00,295.00,West,401,3,
001360,001045,2020,2025-05-04,1352.99,2862.00,East,403,1,
001361,001116,2095,2025-05-04,981.58,3968.00,East,403,0,
001362,001023,2098,2025-05-04,1452.58,1553.00,West,403,2,
001363,001094,2048,2025-05-04,1072.89,965.00,West,401,3,
001364,001140,2008,2025-05-04,0.00,3731.00,West,403,3,
001365,001034,2015,2025-05-04,1079.95,4551.00,West,403,2,
001366,001134,2052,2025-05-04,1316.27,1743.00,East,402,1,
001367,001156,2007,2025-05-04,1750.17,5081.00,West,401,0,
001368,001123,2092,2025-05-04,0.00,409.00,West,403,3,
001369,001155,2040,2025-05-04,27.63,1788.00,East,403,2,
001370,001033,2078,2025-05-04,568.04,36.00,West,404,3,
001371,001126,2023,2025-05-04,2254.90,2469.00,East,402,2,
001373,001119,2080,2025-05-04,0.00,3323.00,West,401,1,
001374,001157,2053,2025-05-04,1830.45,5737.00,East,404,0,
001375,001085,2044,2025-05-04,207.58,3889.00,West,402,0,
001376,001163,2025,2025-05-04,447.39,546.00,West,403,2,
001378,001196,2000,2025-05-04,0.00,3401.00,East,401,2,
001379,001087,2050,2025-05-04,168.10,4833.00,West,401,1,
001380,001049,2042,2025-05-04,670.44,1559.00,East,403,3,
001382,001039,2080,2025-05-04,665.81,814.00,East,404,2,
001383,001118,2052,2025-05-04,0.00,4473.00,East,401,2,
001384,001144,2092,2025-05-04,1446.63,4764.00,West,403,0,
001385,001053,2073,2025-05-04,1198.63,1857.00,West,403,2,
001386,001016,2019,2025-05-04,0.00,4310.00,West,403,0,
001387,001086,2048,2025-05-04,1072.89,3735.00,East,402,3,
001388,001047,2076,2025-05-04,0.00,5401.00,West,401,2,
001389,001180,2040,2025-05-04,110.53,3824.00,West,401,2,
001390,001105,2011,2025-05-04,0.00,5920.00,West,404,1,
001391,001095,2057,2025-05-04,786.56,106.00,East,403,1,
001392,001134,2038,2025-05-04,926.51,4116.00,East,402,0,
001393,001095,2004,2025-05-04,0.00,3123.00,East,402,0,
001394,001113,2064,2025-05-04,294.04,4409.00,East,401,3,
001395,001128,2019,2025-05-04,1494.29,82.00,East,402,2,
001396,001123,2093,2025-05-04,3023.76,4801.00,East,403,2,
001397,001036,2098,2025-05-04,817.07,5146.00,East,401,1,
001398,001052,2092,2025-05-04,1928.84,3257.00,East,401,3,
001399,001099,2091,2025-05-04,905.79,736.00,East,401,0,
001400,001079,2005,2025-05-04,1715.12,2606.00,West,401,2,
001401,001119,2005,2025-05-04,686.05,4608.00,West,401,2,
001402,001005,2073,2025-05-04,0.00,2501.00,East,403,1,
001403,001082,2025,2025-05-04,223.70,3071.00,West,402,2,
001404,001070,2068,2025-05-04,2460.72,4176.00,East,403,3,
001405,001171,2015,2025-05-04,0.00,4762.00,West,403,1,
001406,001040,2035,2025-05-04,899.99,461.00,West,401,0,
001407,001159,2071,2025-05-04,1660.93,5298.00,West,401,1,
001408,001138,2044,2025-05-04,0.00,973.00,East,403,2,
001409,001036,2090,2025-05-04,0.00,3800.00,West,403,1,
001410,001043,2009,2025-05-04,106.10,17.00,West,403,2,
001411,001138,2056,2025-05-04,944.50,3122.00,West,401,1,
001412,001007,2060,2025-05-04,816.76,1380.00,West,401,0,
001413,001098,2006,2025-05-04,990.00,5014.00,West,401,3,
001414,001100,2022,2025-05-04,1610.83,4915.00,West,404,2,
001415,001079,2042,2025-05-04,167.61,3933.00,West,402,0,
001417,001023,2089,2025-05-04,413.52,5732.00,West,404,0,
001419,001059,2028,2025-05-04,1531.06,3997.00,East,402,2,
001420,001093,2050,2025-05-04,298.85,3709.00,East,402,2,
001421,001083,2058,2025-05-04,2000.25,3255.00,West,404,0,
001422,001016,2060,2025-05-04,653.41,564.00,East,401,2,
001423,001122,2059,2025-05-04,1228.92,2347.00,West,402,2,
001424,001196,2044,2025-05-04,207.58,4481.00,West,402,0,
001425,001103,2091,2025-05-04,2173.90,827.00,East,401,2,
001426,001142,2083,2025-05-04,1229.06,5198.00,East,401,2,
001427,001136,2059,2025-05-04,2560.25,3906.00,West,404,3,
001428,001061,2079,2025-05-04,2566.46,1278.00,West,402,1,
001429,001123,2049,2025-05-04,751.87,809.00,East,401,2,
001430,001053,2088,2025-05-04,709.35,4021.00,West,404,3,
001431,001145,2043,2025-05-04,1572.21,225.00,West,402,1,
001432,001169,2085,2025-05-04,1210.75,562.00,West,401,3,
001433,001029,2075,2025-05-04,1249.02,1160.00,West,404,2,
001434,001142,2012,2025-05-04,1682.61,5329.00,East,404,1,
001435,001078,2051,2025-05-04,117.32,3250.00,East,401,0,
001436,001175,2076,2025-05-04,1289.71,417.00,West,404,2,
001437,001126,2082,2025-05-04,1066.40,2559.00,East,401,0,
001438,001055,2017,2025-05-04,1669.32,5585.00,East,401,1,
001439,001169,2019,2025-05-04,747.14,4962.00,West,404,2,
001440,001099,2078,2025-05-04,383.43,2542.00,West,404,1,
001441,001052,2087,2025-05-04,0.00,938.00,East,403,2,
001442,001145,2086,2025-05-04,2682.30,102.00,West,403,3,
001443,001183,2044,2025-05-04,1037.90,4048.00,East,401,0,
001444,001156,2065,2025-05-04,423.31,2633.00,West,404,1,
001445,001075,2007,2025-05-04,1166.78,3498.00,West,403,0,
001446,001000,2090,2025-05-04,143.28,2487.00,East,403,0,
001447,001072,2003,2025-05-04,0.00,4190.00,West,402,3,
001448,001179,2075,2025-05-04,1873.54,1504.00,West,404,2,
001449,001182,2048,2025-05-04,357.63,3459.00,West,404,3,
001450,001111,2069,2025-05-04,836.60,4337.00,East,402,1,
001451,001121,2017,2025-05-04,2782.20,5238.00,West,402,3,
001452,001092,2053,2025-05-04,1464.36,5116.00,West,402,2,
001453,001171,2016,2025-05-04,646.04,4702.00,West,402,0,
001454,001018,2082,2025-05-04,0.00,2832.00,East,401,1,
001455,001184,2062,2025-05-04,1672.27,4862.00,West,404,1,
001456,001021,2017,2025-05-04,463.70,4418.00,East,404,3,
001457,001178,2077,2025-05-04,505.65,1561.00,West,404,1,
001458,001116,2065,2025-05-04,470.34,1095.00,East,404,3,
001459,001098,2045,2025-05-04,280.93,3887.00,East,402,1,
001460,001108,2077,2025-05-04,1685.49,159.00,East,401,3,
001461,001187,2030,2025-05-04,509.91,3995.00,West,403,3,
001462,001139,2073,2025-05-04,499.43,3173.00,East,403,0,
001463,001009,2072,2025-05-04,0.00,2119.00,West,404,2,
001464,001028,2074,2025-05-04,3297.50,714.00,East,404,0,
001465,001036,2093,2025-05-04,0.00,3938.00,West,403,3,
001466,001132,2010,2025-05-04,0.00,440.00,West,401,1,
001467,001120,2080,2025-05-04,665.81,907.00,West,401,2,
001468,001156,2006,2025-05-04,198.00,2526.00,West,403,0,
001469,001120,2058,2025-05-04,1600.20,3622.00,East,404,2,
001470,001107,2045,2025-05-04,249.71,652.00,West,403,2,
001471,001042,2004,2025-05-04,0.00,3563.00,East,403,2,
001472,001015,2080,2025-05-04,749.03,5338.00,West,404,1,
001473,001146,2006,2025-05-04,792.00,2937.00,West,403,0,
001474,001073,2062,2025-05-04,1114.85,3753.00,West,401,1,
001475,001129,2009,2025-05-04,0.00,763.00,West,403,2,
001476,001033,2078,2025-05-04,340.82,1461.00,West,403,2,
001477,001065,2001,2025-05-04,371.12,5804.00,West,401,1,
001478,001151,2094,2025-05-04,493.35,3890.00,West,402,3,
001479,001094,2022,2025-05-04,0.00,1736.00,East,403,1,
001480,001124,2023,2025-05-04,2254.90,2821.00,East,401,2,
001481,001021,2018,2025-05-04,542.26,5918.00,East,402,3,
001482,001192,2052,2025-05-04,0.00,1905.00,West,404,1,
001483,001169,2056,2025-05-04,944.50,3048.00,West,402,1,
001484,001147,2093,2025-05-04,2267.82,309.00,East,403,0,
001486,001042,2059,2025-05-04,3072.30,5536.00,East,404,3,
001487,001077,2060,2025-05-04,1633.52,460.00,East,402,3,
001488,001174,2090,2025-05-04,286.56,728.00,East,404,3,
001489,001067,2018,2025-05-04,2169.04,2074.00,East,404,0,
001490,001073,2057,2025-05-04,349.58,1606.00,East,404,2,
001491,001135,2087,2025-05-04,318.64,128.00,East,401,0,
001492,001136,2081,2025-05-04,2238.66,1080.00,West,403,3,
001493,001156,2083,2025-05-04,1229.06,2642.00,West,403,2,
001494,001069,2034,2025-05-04,217.87,1835.00,West,401,2,
001495,001167,2074,2025-05-04,2638.00,4660.00,East,404,3,
001496,001197,2086,2025-05-04,2414.07,1552.00,West,402,1,
001497,001133,2043,2025-05-04,1397.52,3608.00,East,402,2,
001498,001140,2001,2025-05-04,1237.05,2889.00,East,401,0,
001499,001003,2052,2025-05-04,731.26,4653.00,West,401,0,
001500,001175,2057,2025-05-04,1179.85,3190.00,East,403,1,
001501,001185,2036,2025-05-04,980.91,64.00,East,403,1,
001502,001008,2003,2025-05-04,0.00,3795.00,West,401,0,
001503,001152,2084,2025-05-04,281.85,2089.00,West,402,0,
001504,001181,2015,2025-05-04,1214.95,3197.00,East,401,1,
001505,001096,2084,2025-05-04,0.00,3125.00,East,402,0,
001506,001178,2023,2025-05-04,1503.26,2707.00,East,403,2,
001507,001119,2084,2025-05-04,0.00,3339.00,West,401,3,
001508,001070,2098,2025-05-04,1452.58,5421.00,East,404,2,
001509,001065,2020,2025-05-04,300.66,3981.00,West,401,2,
001510,001198,2007,2025-05-04,2333.56,2893.00,East,404,3,
001511,001085,2007,2025-05-04,933.42,5203.00,East,403,2,
001512,001045,2056,2025-05-04,3148.32,5238.00,West,401,3,
001513,001051,2078,2025-05-04,383.43,3524.00,West,404,1,
001514,001165,2062,2025-05-04,557.42,3337.00,East,401,1,
001515,001138,2098,2025-05-04,817.07,3440.00,East,404,1,
001516,001157,2082,2025-05-04,1066.40,4496.00,West,401,3,
001517,001183,2033,2025-05-04,0.00,4626.00,East,401,0,
001518,001018,2009,2025-05-04,0.00,4982.00,East,403,3,
001519,001004,2063,2025-05-04,552.46,732.00,East,402,0,
001520,001009,2085,2025-05-04,193.72,4343.00,West,404,2,
001521,001038,2089,2025-05-04,1240.56,3009.00,West,403,3,
001523,001111,2051,2025-05-04,211.18,2947.00,West,401,1,
001525,001145,2068,2025-05-04,656.19,1032.00,West,403,2,
001526,001174,2038,2025-05-04,1853.02,3689.00,West,404,0,
001527,001161,2082,2025-05-04,213.28,4040.00,East,401,2,
001529,001194,2098,2025-05-04,2451.22,5763.00,East,403,1,
001530,001045,2070,2025-05-04,102.54,3292.00,West,401,3,
001531,001169,2024,2025-05-04,621.35,1177.00,East,403,3,
001532,001027,2080,2025-05-04,2496.78,904.00,West,403,3,
001533,001021,2080,2025-05-04,2247.10,2399.00,East,404,1,
001534,001035,2004,2025-05-04,1854.50,3414.00,East,402,0,
001535,001184,2075,2025-05-04,2341.92,1897.00,East,402,3,
001536,001099,2008,2025-05-04,66.59,5278.00,West,403,3,
001537,001136,2057,2025-05-04,1310.94,5104.00,West,401,0,
001538,001086,2007,2025-05-04,1750.17,2227.00,East,403,0,
001539,001103,2015,2025-05-04,2024.91,4159.00,East,402,3,
001540,001173,2068,2025-05-04,0.00,3081.00,East,402,1,
001541,001018,2004,2025-05-04,927.25,4649.00,East,402,3,
001542,001167,2002,2025-05-04,866.00,1439.00,East,404,0,
001543,001062,2089,2025-05-04,2067.60,4105.00,West,402,0,
001544,001044,2080,2025-05-04,665.81,2486.00,West,401,2,
001545,001024,2058,2025-05-04,2000.25,4690.00,East,402,0,
001546,001027,2014,2025-05-04,443.34,5433.00,East,404,1,
001547,001016,2025,2025-05-04,671.09,2659.00,East,404,2,
001548,001188,2086,2025-05-04,2861.12,48.00,West,404,2,
001549,001030,2087,2025-05-04,382.37,5219.00,West,402,2,
001550,001054,2097,2025-05-04,2273.67,4803.00,East,401,1,
001551,001085,2008,2025-05-04,106.54,5236.00,East,401,2,
001552,001036,2096,2025-05-04,1814.89,3293.00,West,404,1,
001553,001178,2047,2025-05-04,1004.94,1759.00,West,402,3,
001554,001062,2074,2025-05-04,1187.10,470.00,East,401,1,
001556,001004,2062,2025-05-04,2477.44,5784.00,East,401,0,
001557,001001,2022,2025-05-04,536.94,2255.00,West,401,2,
001558,001106,2088,2025-05-04,1276.83,2771.00,West,404,1,
001559,001052,2018,2025-05-04,2169.04,3695.00,West,403,3,
001560,001105,2030,2025-05-04,339.94,2968.00,West,402,0,
001561,001152,2023,2025-05-04,1879.08,627.00,West,404,0,
001562,001160,2038,2025-05-04,0.00,959.00,West,403,3,
001563,001001,2071,2025-05-04,1660.93,1839.00,East,402,1,
001564,001030,2067,2025-05-04,465.52,4707.00,East,401,2,
001565,001194,2069,2025-05-04,929.56,3300.00,West,402,3,
001566,001197,2080,2025-05-04,1331.62,5360.00,East,402,2,
001567,001013,2024,2025-05-04,335.53,2030.00,East,401,1,
001568,001175,2060,2025-05-04,735.08,1623.00,East,404,1,
001569,001040,2085,2025-05-04,484.30,5617.00,West,401,0,
001570,001165,2046,2025-05-04,60.17,5765.00,East,403,1,
001572,001011,2013,2025-05-04,1683.65,1046.00,West,401,1,
001573,001040,2003,2025-05-04,385.18,370.00,West,404,0,
001574,001018,2030,2025-05-04,135.98,2627.00,West,404,2,
001575,001107,2025,2025-05-04,754.97,2089.00,West,403,1,
001576,001199,2014,2025-05-04,0.00,2636.00,West,403,1,
001577,001025,2030,2025-05-04,0.00,3116.00,West,404,1,
001578,001096,2028,2025-05-04,2551.76,3930.00,East,401,3,
001579,001149,2062,2025-05-04,1858.08,2422.00,West,401,3,
001580,001037,2027,2025-05-04,465.50,3423.00,West,404,1,
001581,001099,2047,2025-05-04,0.00,3378.00,East,402,3,
001582,001184,2024,2025-05-04,198.83,2100.00,East,403,2,
001583,001051,2042,2025-05-04,167.61,2808.00,West,402,0,
001584,001177,2072,2025-05-04,672.48,3673.00,East,401,2,
001585,001034,2014,2025-05-04,985.20,196.00,West,404,3,
001586,001107,2021,2025-05-04,751.87,5566.00,West,403,1,
001587,001075,2077,2025-05-04,2528.24,3874.00,West,402,1,
001588,001147,2070,2025-05-04,34.18,4380.00,East,402,0,
001589,001105,2066,2025-05-04,928.91,3504.00,East,404,1,
001590,001151,2060,2025-05-04,653.41,3419.00,West,404,2,
001591,001003,2093,2025-05-04,680.35,1849.00,East,404,1,
001592,001063,2041,2025-05-04,2171.37,1286.00,East,404,1,
001593,001151,2019,2025-05-04,933.93,1447.00,East,401,3,
001594,001011,2005,2025-05-04,428.78,2337.00,West,404,0,
001595,001108,2067,2025-05-04,290.95,3166.00,East,404,3,
001596,001178,2012,2025-05-04,623.19,3961.00,West,404,3,
001597,001061,2010,2025-05-04,389.20,4641.00,West,401,3,
001598,001055,2016,2025-05-04,0.00,1523.00,East,403,2,
001599,001061,2082,2025-05-04,266.60,5374.00,East,401,0,
001600,001122,2085,2025-05-04,217.94,1210.00,West,403,1,
001601,001180,2058,2025-05-04,666.75,2065.00,West,401,3,
001602,001118,2098,2025-05-04,907.86,2261.00,West,402,3,
001603,001047,2047,2025-05-04,334.98,43.00,East,404,0,
001604,001160,2009,2025-05-04,0.00,4039.00,East,404,2,
001606,001192,2034,2025-05-04,0.00,85.00,West,402,0,
001607,001158,2042,2025-05-04,402.26,1048.00,West,401,2,
001608,001013,2014,2025-05-04,197.04,90.00,West,404,2,
001610,001093,2022,2025-05-04,604.06,569.00,West,401,1,
001611,001035,2042,2025-05-04,335.22,108.00,West,402,0,
001612,001166,2061,2025-05-04,179.93,2972.00,East,402,1,
001613,001082,2045,2025-05-04,312.14,653.00,West,403,3,
001614,001070,2006,2025-05-04,633.60,472.00,East,401,2,
001615,001088,2057,2025-05-04,436.98,2838.00,West,404,0,
001616,001120,2090,2025-05-04,214.92,4175.00,West,403,3,
001617,001158,2047,2025-05-04,904.45,5940.00,West,401,1,
001618,001117,2011,2025-05-04,0.00,4436.00,East,401,3,
001619,001045,2036,2025-05-04,217.98,4680.00,East,401,0,
001620,001042,2035,2025-05-04,809.99,5473.00,East,401,1,
001621,001127,2019,2025-05-04,933.93,4128.00,East,402,0,
001622,001075,2053,2025-05-04,2440.60,4122.00,West,402,3,
001623,001088,2053,2025-05-04,610.15,5285.00,East,404,0,
001624,001074,2024,2025-05-04,248.54,3718.00,West,401,0,
001625,001059,2066,2025-05-04,2064.24,3150.00,East,403,3,
001626,001148,2043,2025-05-04,873.45,4107.00,West,403,3,
001627,001151,2085,2025-05-04,726.45,937.00,West,404,3,
001628,001077,2072,2025-05-04,1008.72,4094.00,West,402,2,
001629,001043,2033,2025-05-04,836.25,1096.00,West,402,3,
001630,001095,2036,2025-05-04,392.36,3696.00,West,401,1,
001631,001090,2036,2025-05-04,588.55,5754.00,West,404,1,
001632,001158,2020,2025-05-04,676.49,1216.00,West,403,1,
001633,001044,2090,2025-05-04,0.00,1765.00,West,402,1,
001634,001060,2014,2025-05-04,591.12,2417.00,West,401,2,
001635,001147,2016,2025-05-04,516.83,1506.00,West,404,2,
001636,001094,2023,2025-05-04,1879.08,3303.00,West,402,0,
001637,001170,2040,2025-05-04,0.00,2901.00,West,403,1,
001638,001095,2057,2025-05-04,349.58,2643.00,West,402,2,
001639,001031,2003,2025-05-04,0.00,4507.00,East,404,3,
001640,001196,2018,2025-05-04,433.81,643.00,East,404,2,
001641,001039,2000,2025-05-04,775.45,2219.00,West,403,2,
001642,001121,2037,2025-05-04,1080.42,3466.00,East,402,3,
001643,001086,2088,2025-05-04,2837.40,1588.00,East,401,3,
001644,001010,2017,2025-05-04,1112.88,1732.00,West,401,2,
001645,001006,2051,2025-05-04,351.96,1046.00,East,402,3,
001646,001091,2011,2025-05-04,819.48,4811.00,East,403,0,
001647,001155,2082,2025-05-04,959.76,5623.00,West,402,1,
001648,001005,2098,2025-05-04,817.07,3685.00,West,403,1,
001649,001005,2010,2025-05-04,233.52,591.00,West,404,0,
001650,001131,2050,2025-05-04,747.12,3404.00,West,402,3,
001651,001081,2077,2025-05-04,1797.86,2289.00,East,401,2,
001652,001101,2018,2025-05-04,867.62,1080.00,West,404,2,
001653,001098,2047,2025-05-04,1071.94,4037.00,West,401,2,
001654,001088,2044,2025-05-04,830.32,5143.00,West,403,3,
001655,001143,2011,2025-05-04,1229.22,63.00,East,402,3,
001656,001189,2053,2025-05-04,1464.36,2687.00,West,404,2,
001657,001041,2093,2025-05-04,2267.82,1268.00,West,404,3,
001658,001035,2075,2025-05-04,1405.15,2554.00,East,401,1,
001659,001053,2038,2025-05-04,2964.83,4588.00,West,404,2,
001660,001016,2075,2025-05-04,3122.56,1240.00,West,404,0,
001661,001001,2052,2025-05-04,731.26,3009.00,West,403,3,
001662,001044,2071,2025-05-04,553.64,3548.00,West,404,1,
001663,001051,2023,2025-05-04,0.00,4628.00,East,404,2,
001664,001141,2062,2025-05-04,1486.46,3472.00,West,401,2,
001665,001149,2038,2025-05-04,926.51,1095.00,East,404,3,
001666,001057,2003,2025-05-04,2079.97,3661.00,East,401,1,
001667,001067,2038,2025-05-04,926.51,3422.00,West,404,0,
001668,001167,2085,2025-05-04,242.15,2594.00,West,403,3,
001669,001045,2062,2025-05-04,1858.08,1706.00,West,402,0,
001670,001030,2097,2025-05-04,3368.40,1208.00,West,403,3,
001671,001017,2076,2025-05-04,0.00,204.00,East,403,3,
001672,001144,2055,2025-05-04,161.82,3669.00,West,403,3,
001673,001177,2015,2025-05-04,674.97,2547.00,East,403,0,
001674,001066,2020,2025-05-04,1014.74,2961.00,East,401,1,
001675,001081,2059,2025-05-04,409.64,2283.00,East,402,2,
001676,001041,2006,2025-05-04,475.20,409.00,East,403,2,
001678,001074,2037,2025-05-04,0.00,5986.00,West,401,1,
001679,001196,2080,2025-05-04,832.26,5681.00,East,402,0,
001680,001153,2096,2025-05-04,1075.49,2033.00,West,402,2,
001681,001080,2087,2025-05-04,127.46,2106.00,West,403,2,
001682,001175,2089,2025-05-04,2067.60,1128.00,East,403,0,
001683,001136,2074,2025-05-04,593.55,1435.00,East,403,1,
001684,001003,2017,2025-05-04,1112.88,5734.00,East,403,2,
001685,001199,2062,2025-05-04,990.98,546.00,East,404,2,
001686,001041,2013,2025-05-04,1683.65,641.00,East,402,1,
001687,001128,2028,2025-05-04,0.00,4102.00,East,402,0,
001688,001106,2058,2025-05-04,1333.50,5270.00,West,401,0,
001689,001033,2002,2025-05-04,1385.60,5287.00,West,404,2,
001690,001079,2088,2025-05-04,2553.66,2899.00,West,403,1,
001691,001113,2076,2025-05-04,0.00,1995.00,West,403,1,
001692,001181,2038,2025-05-04,2779.53,4687.00,East,401,0,
001693,001056,2016,2025-05-04,872.15,4839.00,West,402,1,
001694,001078,2016,2025-05-04,872.15,1229.00,West,402,1,
001695,001020,2054,2025-05-04,1801.02,2130.00,West,401,0,
001696,001004,2099,2025-05-04,0.00,3703.00,East,404,3,
001697,001010,2025,2025-05-04,559.24,2296.00,West,401,0,
001698,001168,2065,2025-05-04,1411.02,3299.00,East,401,3,
001699,001030,2032,2025-05-04,945.60,4617.00,West,401,0,
001700,001077,2085,2025-05-04,0.00,2623.00,East,401,0,
001701,001005,2015,2025-05-04,0.00,609.00,West,402,1,
001702,001047,2085,2025-05-04,242.15,2203.00,East,403,0,
001703,001023,2018,2025-05-04,0.00,714.00,West,403,2,
001704,001090,2020,2025-05-04,751.66,4996.00,East,402,0,
001705,001025,2074,2025-05-04,593.55,5028.00,West,401,1,
001706,001183,2024,2025-05-04,335.53,3640.00,East,403,1,
001708,001054,2064,2025-05-04,235.23,5035.00,East,404,2,
001710,001172,2013,2025-05-04,2244.86,2734.00,West,402,2,
001711,001097,2054,2025-05-04,810.46,3983.00,East,402,1,
001712,001104,2014,2025-05-04,246.30,980.00,East,403,0,
001713,001119,2014,2025-05-04,1231.50,3029.00,East,402,3,
001714,001195,2046,2025-05-04,100.29,4723.00,East,403,0,
001715,001021,2041,2025-05-04,0.00,4899.00,West,404,0,
001716,001098,2036,2025-05-04,0.00,4183.00,West,404,2,
001717,001175,2056,2025-05-04,2098.88,120.00,West,402,3,
001718,001074,2054,2025-05-04,2701.53,4410.00,East,402,0,
001719,001121,2086,2025-05-04,3218.76,1114.00,West,403,1,
001720,001003,2086,2025-05-04,1788.20,5432.00,West,404,0,
001721,001101,2056,2025-05-04,524.72,709.00,East,401,0,
001722,001036,2050,2025-05-04,747.12,2973.00,West,404,0,
001723,001189,2021,2025-05-04,1336.66,3145.00,West,401,2,
001724,001050,2043,2025-05-04,873.45,862.00,East,402,3,
001725,001031,2029,2025-05-04,40.53,1908.00,West,404,3,
001726,001071,2097,2025-05-04,2526.30,1471.00,East,403,3,
001727,001091,2060,2025-05-04,1225.14,2160.00,East,404,3,
001728,001130,2035,2025-05-04,899.99,5843.00,West,402,3,
001729,001027,2015,2025-05-04,0.00,1714.00,East,403,3,
001730,001127,2029,2025-05-04,40.53,3401.00,East,402,0,
001731,001025,2094,2025-05-04,1973.40,5984.00,West,401,0,
001733,001097,2077,2025-05-04,2022.59,2758.00,West,403,1,
001734,001077,2079,2025-05-04,1901.08,1923.00,West,401,0,
001735,001169,2096,2025-05-04,672.18,1880.00,West,404,3,
001736,001051,2037,2025-05-04,1800.70,380.00,West,404,3,
001737,001129,2033,2025-05-04,1672.50,3165.00,East,403,0,
001738,001195,2004,2025-05-04,2781.75,801.00,East,404,0,
001739,001098,2057,2025-05-04,1310.94,615.00,East,403,3,
001740,001113,2058,2025-05-04,2000.25,4760.00,West,401,0,
001741,001045,2071,2025-05-04,0.00,3659.00,West,403,1,
001742,001125,2055,2025-05-04,86.30,2215.00,East,402,2,
001743,001183,2049,2025-05-04,1879.68,4226.00,East,404,0,
001744,001145,2086,2025-05-04,2682.30,4922.00,West,404,3,
001745,001121,2071,2025-05-04,1845.48,4439.00,East,402,0,
001746,001100,2033,2025-05-04,2508.75,2265.00,West,404,3,
001747,001157,2086,2025-05-04,1430.56,5297.00,East,403,2,
001748,001082,2007,2025-05-04,1750.17,3042.00,West,401,0,
001749,001032,2046,2025-05-04,167.15,4906.00,East,403,0,
001750,001195,2080,2025-05-04,3329.04,4307.00,West,403,3,
001751,001024,2054,2025-05-04,0.00,860.00,West,403,2,
001752,001105,2044,2025-05-04,373.64,5454.00,West,401,1,
001753,001063,2030,2025-05-04,509.91,2380.00,East,403,0,
001754,001176,2008,2025-05-04,133.18,4391.00,East,403,0,
001755,001086,2021,2025-05-04,2004.98,5703.00,East,401,2,
001756,001009,2058,2025-05-04,2000.25,3520.00,West,404,3,
001757,001068,2002,2025-05-04,0.00,5229.00,West,404,0,
001758,001081,2048,2025-05-04,572.21,797.00,East,404,2,
001759,001146,2012,2025-05-04,623.19,1682.00,West,404,0,
001760,001176,2086,2025-05-04,1430.56,4039.00,West,402,2,
001761,001127,2064,2025-05-04,529.27,1903.00,East,403,1,
001763,001051,2063,2025-05-04,0.00,2997.00,East,401,1,
001764,001073,2033,2025-05-04,1338.00,1271.00,East,401,2,
001765,001146,2051,2025-05-04,0.00,5563.00,East,402,0,
001766,001183,2074,2025-05-04,0.00,4978.00,West,401,2,
001767,001069,2008,2025-05-04,66.59,2190.00,East,404,3,
001768,001053,2044,2025-05-04,332.13,3081.00,East,401,2,
001769,001129,2038,2025-05-04,0.00,2273.00,East,404,2,
001770,001051,2053,2025-05-04,488.12,3151.00,East,404,2,
001771,001159,2065,2025-05-04,1693.22,1173.00,East,404,1,
001772,001004,2080,2025-05-04,3329.04,3960.00,West,402,3,
001773,001054,2084,2025-05-04,901.92,657.00,West,404,2,
001774,001163,2068,2025-05-04,1640.48,1441.00,East,404,0,
001775,001133,2025,2025-05-04,838.86,4791.00,West,403,3,
001776,001037,2030,2025-05-04,271.95,4917.00,East,402,2,
001777,001111,2052,2025-05-04,731.26,1560.00,East,403,0,
001778,001162,2026,2025-05-04,169.25,5856.00,East,404,2,
001779,001073,2082,2025-05-04,213.28,1596.00,West,402,2,
001780,001175,2076,2025-05-04,806.07,3641.00,West,402,3,
001781,001061,2014,2025-05-04,665.01,4782.00,East,402,1,
001782,001007,2031,2025-05-04,1695.90,743.00,West,403,3,
001783,001124,2071,2025-05-04,1845.48,3526.00,West,404,3,
001784,001165,2004,2025-05-04,1669.05,3453.00,West,402,1,
001785,001069,2017,2025-05-04,0.00,376.00,East,401,2,
001786,001071,2084,2025-05-04,281.85,919.00,West,402,0,
001787,001184,2062,2025-05-04,2477.44,1548.00,West,401,0,
001788,001021,2040,2025-05-04,69.08,4616.00,East,403,0,
001789,001104,2046,2025-05-04,167.15,1385.00,West,401,3,
001790,001185,2017,2025-05-04,1854.80,3571.00,West,402,0,
001791,001146,2094,2025-05-04,789.36,93.00,West,401,2,
001792,001127,2011,2025-05-04,409.74,5616.00,West,402,0,
001793,001197,2040,2025-05-04,138.16,5660.00,East,403,3,
001794,001191,2095,2025-05-04,1963.16,4984.00,West,402,3,
001795,001055,2018,2025-05-04,488.03,4821.00,East,401,1,
001796,001054,2035,2025-05-04,899.99,970.00,East,404,3,
001798,001136,2047,2025-05-04,267.98,3801.00,West,401,2,
001799,001139,2054,2025-05-04,3241.84,1371.00,East,404,1,
001800,001071,2018,2025-05-04,0.00,2204.00,East,403,3,
001801,001183,2047,2025-05-04,1004.94,3443.00,West,403,0,
001802,001165,2077,2025-05-04,1685.49,4350.00,East,401,0,
001803,001176,2085,2025-05-04,581.16,5584.00,East,402,2,
001804,001141,2049,2025-05-04,1503.74,4379.00,East,403,2,
001805,001175,2015,2025-05-04,674.97,2902.00,West,402,3,
001806,001099,2001,2025-05-04,0.00,2114.00,East,404,2,
001807,001077,2011,2025-05-04,655.58,1595.00,East,402,2,
001808,001053,2020,2025-05-04,601.33,4112.00,East,404,2,
001809,001196,2082,2025-05-04,533.20,4545.00,West,404,0,
001810,001070,2010,2025-05-04,311.36,4824.00,West,404,3,
001811,001188,2052,2025-05-04,2925.04,3526.00,East,403,3,
001812,001025,2020,2025-05-04,375.83,4407.00,West,403,0,
001813,001090,2053,2025-05-04,1830.45,1317.00,East,403,3,
001814,001177,2003,2025-05-04,346.66,3473.00,East,401,1,
001815,001161,2056,2025-05-04,1049.44,626.00,East,402,0,
001816,001102,2025,2025-05-04,0.00,3533.00,West,403,2,
001817,001147,2010,2025-05-04,70.06,5390.00,East,401,1,
001818,001063,2066,2025-05-04,516.06,1064.00,East,402,3,
001819,001081,2057,2025-05-04,786.56,5688.00,West,404,1,
001820,001066,2022,2025-05-04,536.94,3483.00,East,403,2,
001821,001050,2010,2025-05-04,62.27,1984.00,East,404,2,
001822,001046,2050,2025-05-04,336.20,2953.00,West,404,1,
001824,001118,2025,2025-05-04,0.00,882.00,West,403,1,
001825,001012,2051,2025-05-04,93.86,4189.00,East,404,2,
001826,001038,2011,2025-05-04,1475.06,623.00,West,403,1,
001827,001145,2015,2025-05-04,2024.91,1619.00,West,401,3,
001828,001197,2058,2025-05-04,666.75,2597.00,West,404,0,
001829,001057,2091,2025-05-04,815.21,4149.00,West,402,1,
001830,001005,2034,2025-05-04,544.68,691.00,West,403,3,
001831,001097,2016,2025-05-04,290.72,5533.00,West,404,1,
001832,001153,2027,2025-05-04,698.25,2807.00,East,403,1,
001833,001107,2023,2025-05-04,2536.76,2632.00,West,404,1,
001834,001007,2037,2025-05-04,648.25,1013.00,East,403,1,
001835,001158,2057,2025-05-04,699.17,3446.00,West,402,2,
001836,001149,2087,2025-05-04,637.28,4207.00,East,404,0,
001837,001002,2060,2025-05-04,326.70,34.00,East,402,2,
001838,001177,2050,2025-05-04,186.78,5498.00,East,402,3,
001839,001181,2054,2025-05-04,1801.02,2260.00,East,403,0,
001840,001024,2071,2025-05-04,615.16,3762.00,West,401,0,
001841,001085,2030,2025-05-04,407.93,3931.00,East,404,2,
001842,001155,2085,2025-05-04,726.45,802.00,East,401,0,
001843,001064,2064,2025-05-04,940.93,2396.00,East,404,2,
001844,001101,2085,2025-05-04,217.94,1782.00,East,403,1,
001845,001143,2005,2025-05-04,343.02,5836.00,West,402,2,
001846,001043,2064,2025-05-04,235.23,2897.00,East,404,2,
001847,001119,2016,2025-05-04,258.42,2898.00,West,401,2,
001848,001181,2067,2025-05-04,523.71,1084.00,East,404,1,
001849,001066,2014,2025-05-04,0.00,5436.00,East,403,0,
001850,001032,2063,2025-05-04,441.97,126.00,East,403,2,
001851,001110,2036,2025-05-04,348.77,3387.00,West,403,2,
001852,001132,2040,2025-05-04,124.34,2248.00,East,404,1,
001853,001080,2094,2025-05-04,0.00,5195.00,East,404,1,
001854,001142,2084,2025-05-04,0.00,2786.00,West,404,0,
001855,001048,2019,2025-05-04,840.54,5392.00,East,401,1,
001856,001046,2004,2025-05-04,741.80,1846.00,East,404,2,
001857,001041,2090,2025-05-04,358.20,3441.00,East,404,3,
001858,001029,2063,2025-05-04,1657.38,4993.00,East,401,3,
001859,001091,2090,2025-05-04,214.92,1088.00,East,404,3,
001860,001126,2014,2025-05-04,492.60,338.00,West,402,0,
001861,001089,2011,2025-05-04,1638.96,4718.00,West,402,2,
001862,001046,2021,2025-05-04,2255.61,3173.00,East,403,1,
001864,001019,2031,2025-05-04,1695.90,2406.00,West,404,0,
001865,001084,2003,2025-05-04,0.00,2618.00,East,403,0,
001866,001100,2047,2025-05-04,803.95,1182.00,East,401,2,
001867,001039,2003,2025-05-04,1155.54,5462.00,East,401,3,
001868,001181,2084,2025-05-04,1127.40,1158.00,East,404,3,
001869,001160,2034,2025-05-04,326.81,3655.00,East,401,2,
001870,001011,2083,2025-05-04,614.53,2181.00,West,404,2,
001871,001187,2093,2025-05-04,680.35,5932.00,East,402,1,
001872,001012,2082,2025-05-04,853.12,4813.00,West,403,2,
001873,001014,2095,2025-05-04,0.00,5439.00,East,401,3,
001874,001023,2051,2025-05-04,211.18,5308.00,East,403,1,
001875,001061,2098,2025-05-04,2723.58,3248.00,East,404,0,
001876,001005,2026,2025-05-04,211.56,621.00,West,402,3,
001877,001199,2051,2025-05-04,0.00,2177.00,West,403,1,
001879,001188,2039,2025-05-04,1562.30,1085.00,East,402,2,
001880,001170,2012,2025-05-04,560.87,2059.00,East,403,1,
001881,001125,2057,2025-05-04,1310.94,1338.00,West,404,3,
001882,001068,2072,2025-05-04,420.30,242.00,East,404,0,
001884,001111,2080,2025-05-04,1664.52,1769.00,East,404,0,
001885,001010,2065,2025-05-04,0.00,2364.00,West,403,3,
001886,001173,2028,2025-05-04,2551.76,5089.00,East,402,3,
001887,001134,2080,2025-05-04,1331.62,1783.00,West,401,2,
001888,001119,2055,2025-05-04,269.70,1713.00,East,401,3,
001889,001076,2019,2025-05-04,747.14,5590.00,East,402,2,
001890,001063,2066,2025-05-04,0.00,3764.00,West,404,2,
001891,001145,2006,2025-05-04,0.00,5560.00,East,401,0,
001893,001024,2059,2025-05-04,0.00,4187.00,West,403,2,
001894,001065,2074,2025-05-04,3297.50,858.00,West,401,0,
001895,001029,2094,2025-05-04,0.00,3794.00,West,404,1,
001896,001046,2050,2025-05-04,560.34,1934.00,West,401,0,
001897,001106,2090,2025-05-04,114.62,5815.00,East,403,2,
001898,001150,2092,2025-05-04,482.21,1155.00,East,404,3,
001899,001159,2033,2025-05-04,752.62,3030.00,West,403,1,
001900,001054,2023,2025-05-04,751.63,4667.00,East,401,2,
001901,001172,2013,2025-05-04,1870.72,5969.00,West,404,0,
001902,001001,2050,2025-05-04,560.34,4363.00,East,401,0,
001903,001043,2083,2025-05-04,2304.48,3006.00,West,404,3,
001904,001177,2051,2025-05-04,281.57,5084.00,East,404,2,
001905,001158,2078,2025-05-04,568.04,4154.00,East,403,3,
001906,001077,2011,2025-05-04,368.77,5378.00,East,402,1,
001907,001003,2024,2025-05-04,248.54,2083.00,East,401,0,
001908,001178,2024,2025-05-04,223.69,3920.00,East,401,1,
001909,001123,2083,2025-05-04,1382.69,1762.00,West,402,1,
001910,001111,2080,2025-05-04,3329.04,5783.00,East,402,0,
001911,001077,2098,2025-05-04,817.07,1532.00,East,404,1,
001912,001121,2054,2025-05-04,0.00,2528.00,East,401,0,
001913,001042,2019,2025-05-04,933.93,408.00,West,404,3,
001914,001120,2002,2025-05-04,1558.80,3125.00,West,404,1,
001915,001051,2037,2025-05-04,0.00,1429.00,East,404,0,
001916,001085,2001,2025-05-04,412.35,4404.00,East,401,3,
001917,001106,2063,2025-05-04,0.00,4802.00,West,403,0,
001918,001124,2051,2025-05-04,351.96,5542.00,West,404,3,
001919,001059,2091,2025-05-04,1811.58,3032.00,West,401,0,
001920,001108,2073,2025-05-04,1498.29,3792.00,West,403,0,
001921,001068,2082,2025-05-04,0.00,4954.00,West,404,3,
001922,001029,2063,2025-05-04,3314.76,1566.00,East,403,3,
001923,001178,2055,2025-05-04,242.73,5551.00,West,401,1,
001924,001073,2092,2025-05-04,482.21,3643.00,East,402,3,
001925,001088,2056,2025-05-04,1888.99,5237.00,West,402,1,
001926,001150,2087,2025-05-04,477.96,1661.00,West,403,3,
001927,001033,2037,2025-05-04,1440.56,3350.00,West,404,3,
001928,001172,2083,2025-05-04,2304.48,1154.00,West,403,3,
001929,001041,2079,2025-05-04,2281.30,4882.00,East,402,2,
001930,001176,2095,2025-05-04,1472.37,3046.00,East,401,3,
001931,001033,2022,2025-05-04,1208.12,724.00,West,402,1,
001932,001155,2062,2025-05-04,1858.08,3658.00,East,401,3,
001933,001126,2038,2025-05-04,1667.72,242.00,East,402,1,
001934,001142,2006,2025-05-04,0.00,2005.00,West,401,2,
001935,001066,2045,2025-05-04,1123.70,628.00,East,402,1,
001936,001128,2004,2025-05-04,2967.20,4588.00,West,401,2,
001937,001110,2014,2025-05-04,246.30,4633.00,West,402,0,
001938,001143,2028,2025-05-04,1531.06,749.00,West,404,2,
001939,001087,2045,2025-05-04,0.00,4870.00,East,401,2,
001940,001038,2088,2025-05-04,1418.70,5259.00,East,401,0,
001941,001112,2058,2025-05-04,0.00,2547.00,West,401,0,
001942,001005,2078,2025-05-04,426.03,1056.00,East,401,0,
001943,001129,2013,2025-05-04,1870.72,1412.00,East,402,0,
001944,001052,2046,2025-05-04,26.74,5500.00,West,402,2,
001945,001181,2056,2025-05-04,0.00,2155.00,East,404,0,
001946,001039,2082,2025-05-04,0.00,2674.00,West,403,2,
001947,001035,2015,2025-05-04,3374.85,809.00,West,402,3,
001948,001106,2098,2025-05-04,1634.15,3868.00,East,401,1,
001949,001121,2043,2025-05-04,1572.21,4000.00,West,403,1,
001950,001021,2034,2025-05-04,544.68,5932.00,East,403,3,
001952,001192,2096,2025-05-04,1814.89,4287.00,West,404,1,
001953,001035,2054,2025-05-04,0.00,4658.00,East,404,3,
001954,001117,2066,2025-05-04,0.00,284.00,West,403,0,
001955,001113,2018,2025-05-04,1084.52,5304.00,West,401,0,
001956,001021,2043,2025-05-04,2620.35,2223.00,East,403,3,
001957,001197,2021,2025-05-04,1670.82,2155.00,East,404,0,
001958,001100,2097,2025-05-04,2273.67,2488.00,West,401,1,
001959,001147,2007,2025-05-04,0.00,4072.00,West,403,3,
001960,001102,2087,2025-05-04,0.00,3671.00,West,403,2,
001961,001088,2001,2025-05-04,1113.34,4685.00,East,403,1,
001962,001179,2051,2025-05-04,211.18,4365.00,East,404,1,
001963,001139,2079,2025-05-04,2281.30,2075.00,East,404,2,
001964,001005,2083,2025-05-04,691.34,1693.00,West,404,1,
001965,001077,2010,2025-05-04,186.82,3350.00,West,401,2,
001966,001099,2092,2025-05-04,1157.30,1995.00,West,402,2,
001967,001054,2011,2025-05-04,327.79,2981.00,West,403,2,
001969,001007,2069,2025-05-04,836.60,5833.00,East,403,1,
001970,001198,2038,2025-05-04,1853.02,4380.00,East,404,0,
001971,001187,2007,2025-05-04,466.71,1627.00,West,403,2,
001972,001160,2064,2025-05-04,1176.16,5690.00,West,403,0,
001973,001012,2096,2025-05-04,672.18,60.00,West,401,3,
001974,001076,2073,2025-05-04,499.43,2455.00,East,401,3,
001975,001086,2030,2025-05-04,407.93,4345.00,West,402,2,
001976,001076,2036,2025-05-04,217.98,4318.00,East,402,3,
001977,001133,2094,2025-05-04,1973.40,4853.00,East,402,0,
001978,001083,2066,2025-05-04,1238.54,5681.00,East,402,2,
001979,001116,2012,2025-05-04,0.00,2186.00,East,402,3,
001980,001105,2010,2025-05-04,155.68,3969.00,East,401,0,
001981,001108,2016,2025-05-04,872.15,3565.00,East,404,1,
001982,001114,2009,2025-05-04,198.93,1052.00,West,403,3,
001983,001150,2071,2025-05-04,492.13,2901.00,East,404,2,
001984,001149,2063,2025-05-04,2762.30,2060.00,West,404,3,
001985,001176,2062,2025-05-04,557.42,2733.00,West,404,1,
001986,001036,2064,2025-05-04,294.04,1859.00,West,402,3,
001987,001182,2058,2025-05-04,0.00,3031.00,West,402,0,
001988,001177,2027,2025-05-04,1034.44,772.00,West,404,3,
001989,001008,2095,2025-05-04,0.00,518.00,East,402,2,
001990,001030,2077,2025-05-04,1123.66,885.00,West,404,0,
001991,001030,2047,2025-05-04,334.98,1582.00,East,403,0,
001992,001133,2019,2025-05-04,747.14,5490.00,West,401,2,
001993,001078,2047,2025-05-04,535.97,440.00,West,403,2,
001994,001124,2003,2025-05-04,1386.65,969.00,East,402,1,
001995,001005,2075,2025-05-04,3122.56,2056.00,West,404,0,
001996,001078,2036,2025-05-04,588.55,351.00,West,402,1,
001997,001189,2062,2025-05-04,2477.44,2328.00,East,401,0,
001998,001140,2044,2025-05-04,207.58,1871.00,West,401,0,
001999,001106,2061,2025-05-04,599.76,4073.00,East,403,3,
002000,001086,2048,2025-05-04,321.87,2404.00,West,404,1,
